{
	"BUILD_DIR" : "C:/Users/cindy/Documents/GitHub/COMTRAC/src/build-comtrac-Desktop_Qt_6_4_3_MinGW_64_bit-Release/appcomtrac_autogen",
	"CMAKE_BINARY_DIR" : "C:/Users/cindy/Documents/GitHub/COMTRAC/src/build-comtrac-Desktop_Qt_6_4_3_MinGW_64_bit-Release",
	"CMAKE_CURRENT_BINARY_DIR" : "C:/Users/cindy/Documents/GitHub/COMTRAC/src/build-comtrac-Desktop_Qt_6_4_3_MinGW_64_bit-Release",
	"CMAKE_CURRENT_SOURCE_DIR" : "C:/Users/cindy/Documents/GitHub/COMTRAC/src/comtrac",
	"CMAKE_EXECUTABLE" : "C:/Qt/Tools/CMake_64/bin/cmake.exe",
	"CMAKE_LIST_FILES" : 
	[
		"C:/Users/cindy/Documents/GitHub/COMTRAC/src/comtrac/CMakeLists.txt",
		"C:/Users/cindy/Documents/GitHub/COMTRAC/src/build-comtrac-Desktop_Qt_6_4_3_MinGW_64_bit-Release/.qtc/package-manager/auto-setup.cmake",
		"C:/Users/cindy/Documents/GitHub/COMTRAC/src/build-comtrac-Desktop_Qt_6_4_3_MinGW_64_bit-Release/CMakeFiles/3.24.2/CMakeSystem.cmake",
		"C:/Qt/Tools/CMake_64/share/cmake-3.24/Modules/CMakeSystemSpecificInitialize.cmake",
		"C:/Users/cindy/Documents/GitHub/COMTRAC/src/build-comtrac-Desktop_Qt_6_4_3_MinGW_64_bit-Release/CMakeFiles/3.24.2/CMakeCXXCompiler.cmake",
		"C:/Qt/Tools/CMake_64/share/cmake-3.24/Modules/CMakeSystemSpecificInformation.cmake",
		"C:/Qt/Tools/CMake_64/share/cmake-3.24/Modules/CMakeGenericSystem.cmake",
		"C:/Qt/Tools/CMake_64/share/cmake-3.24/Modules/CMakeInitializeConfigs.cmake",
		"C:/Qt/Tools/CMake_64/share/cmake-3.24/Modules/Platform/Windows.cmake",
		"C:/Qt/Tools/CMake_64/share/cmake-3.24/Modules/Platform/WindowsPaths.cmake",
		"C:/Qt/Tools/CMake_64/share/cmake-3.24/Modules/CMakeCXXInformation.cmake",
		"C:/Qt/Tools/CMake_64/share/cmake-3.24/Modules/CMakeLanguageInformation.cmake",
		"C:/Qt/Tools/CMake_64/share/cmake-3.24/Modules/Compiler/GNU-CXX.cmake",
		"C:/Qt/Tools/CMake_64/share/cmake-3.24/Modules/Compiler/GNU.cmake",
		"C:/Qt/Tools/CMake_64/share/cmake-3.24/Modules/Compiler/CMakeCommonCompilerMacros.cmake",
		"C:/Qt/Tools/CMake_64/share/cmake-3.24/Modules/Platform/Windows-GNU-CXX.cmake",
		"C:/Qt/Tools/CMake_64/share/cmake-3.24/Modules/Platform/Windows-GNU.cmake",
		"C:/Users/cindy/Documents/GitHub/COMTRAC/src/build-comtrac-Desktop_Qt_6_4_3_MinGW_64_bit-Release/CMakeFiles/3.24.2/CMakeRCCompiler.cmake",
		"C:/Qt/Tools/CMake_64/share/cmake-3.24/Modules/CMakeRCInformation.cmake",
		"C:/Qt/Tools/CMake_64/share/cmake-3.24/Modules/Platform/Windows-windres.cmake",
		"C:/Qt/Tools/CMake_64/share/cmake-3.24/Modules/Platform/Windows-GNU-CXX-ABI.cmake",
		"C:/Qt/Tools/CMake_64/share/cmake-3.24/Modules/CMakeCommonLanguageInclude.cmake",
		"C:/Qt/6.4.3/mingw_64/lib/cmake/Qt6/Qt6ConfigVersion.cmake",
		"C:/Qt/6.4.3/mingw_64/lib/cmake/Qt6/Qt6ConfigVersionImpl.cmake",
		"C:/Qt/6.4.3/mingw_64/lib/cmake/Qt6/Qt6Config.cmake",
		"C:/Qt/6.4.3/mingw_64/lib/cmake/Qt6/Qt6ConfigExtras.cmake",
		"C:/Qt/6.4.3/mingw_64/lib/cmake/Qt6/QtPublicCMakeVersionHelpers.cmake",
		"C:/Qt/6.4.3/mingw_64/lib/cmake/Qt6/Qt6Targets.cmake",
		"C:/Qt/6.4.3/mingw_64/lib/cmake/Qt6/Qt6VersionlessTargets.cmake",
		"C:/Qt/6.4.3/mingw_64/lib/cmake/Qt6/QtFeature.cmake",
		"C:/Qt/6.4.3/mingw_64/lib/cmake/Qt6/QtFeatureCommon.cmake",
		"C:/Qt/Tools/CMake_64/share/cmake-3.24/Modules/CheckCXXCompilerFlag.cmake",
		"C:/Qt/Tools/CMake_64/share/cmake-3.24/Modules/CheckCXXSourceCompiles.cmake",
		"C:/Qt/Tools/CMake_64/share/cmake-3.24/Modules/Internal/CheckSourceCompiles.cmake",
		"C:/Qt/Tools/CMake_64/share/cmake-3.24/Modules/Internal/CheckCompilerFlag.cmake",
		"C:/Qt/Tools/CMake_64/share/cmake-3.24/Modules/Internal/CheckFlagCommonConfig.cmake",
		"C:/Qt/Tools/CMake_64/share/cmake-3.24/Modules/Internal/CheckSourceCompiles.cmake",
		"C:/Qt/Tools/CMake_64/share/cmake-3.24/Modules/CMakeCheckCompilerFlagCommonPatterns.cmake",
		"C:/Qt/6.4.3/mingw_64/lib/cmake/Qt6/QtPublicAppleHelpers.cmake",
		"C:/Qt/6.4.3/mingw_64/lib/cmake/Qt6/QtPublicFinalizerHelpers.cmake",
		"C:/Qt/6.4.3/mingw_64/lib/cmake/Qt6/QtPublicPluginHelpers.cmake",
		"C:/Qt/6.4.3/mingw_64/lib/cmake/Qt6/QtPublicTargetHelpers.cmake",
		"C:/Qt/6.4.3/mingw_64/lib/cmake/Qt6/QtPublicWalkLibsHelpers.cmake",
		"C:/Qt/6.4.3/mingw_64/lib/cmake/Qt6/QtPublicFindPackageHelpers.cmake",
		"C:/Qt/6.4.3/mingw_64/lib/cmake/Qt6/QtPublicDependencyHelpers.cmake",
		"C:/Qt/6.4.3/mingw_64/lib/cmake/Qt6/QtPublicTestHelpers.cmake",
		"C:/Qt/6.4.3/mingw_64/lib/cmake/Qt6/QtPublicToolHelpers.cmake",
		"C:/Qt/6.4.3/mingw_64/lib/cmake/Qt6/QtPublicCMakeHelpers.cmake",
		"C:/Qt/Tools/CMake_64/share/cmake-3.24/Modules/CMakeFindDependencyMacro.cmake",
		"C:/Qt/6.4.3/mingw_64/lib/cmake/Qt6/Qt6Dependencies.cmake",
		"C:/Qt/Tools/CMake_64/share/cmake-3.24/Modules/FindThreads.cmake",
		"C:/Qt/Tools/CMake_64/share/cmake-3.24/Modules/CheckLibraryExists.cmake",
		"C:/Qt/Tools/CMake_64/share/cmake-3.24/Modules/CheckIncludeFileCXX.cmake",
		"C:/Qt/Tools/CMake_64/share/cmake-3.24/Modules/CheckCXXSourceCompiles.cmake",
		"C:/Qt/Tools/CMake_64/share/cmake-3.24/Modules/FindPackageHandleStandardArgs.cmake",
		"C:/Qt/Tools/CMake_64/share/cmake-3.24/Modules/FindPackageMessage.cmake",
		"C:/Qt/6.4.3/mingw_64/lib/cmake/Qt6Quick/Qt6QuickConfigVersion.cmake",
		"C:/Qt/6.4.3/mingw_64/lib/cmake/Qt6Quick/Qt6QuickConfigVersionImpl.cmake",
		"C:/Qt/6.4.3/mingw_64/lib/cmake/Qt6Quick/Qt6QuickConfig.cmake",
		"C:/Qt/Tools/CMake_64/share/cmake-3.24/Modules/CMakeFindDependencyMacro.cmake",
		"C:/Qt/6.4.3/mingw_64/lib/cmake/Qt6Quick/Qt6QuickDependencies.cmake",
		"C:/Qt/6.4.3/mingw_64/lib/cmake/Qt6Core/Qt6CoreConfigVersion.cmake",
		"C:/Qt/6.4.3/mingw_64/lib/cmake/Qt6Core/Qt6CoreConfigVersionImpl.cmake",
		"C:/Qt/6.4.3/mingw_64/lib/cmake/Qt6Core/Qt6CoreConfig.cmake",
		"C:/Qt/Tools/CMake_64/share/cmake-3.24/Modules/CMakeFindDependencyMacro.cmake",
		"C:/Qt/6.4.3/mingw_64/lib/cmake/Qt6Core/Qt6CoreDependencies.cmake",
		"C:/Qt/6.4.3/mingw_64/lib/cmake/Qt6/FindWrapAtomic.cmake",
		"C:/Qt/Tools/CMake_64/share/cmake-3.24/Modules/CheckCXXSourceCompiles.cmake",
		"C:/Qt/Tools/CMake_64/share/cmake-3.24/Modules/FindPackageHandleStandardArgs.cmake",
		"C:/Qt/Tools/CMake_64/share/cmake-3.24/Modules/FindPackageMessage.cmake",
		"C:/Qt/6.4.3/mingw_64/lib/cmake/Qt6CoreTools/Qt6CoreToolsConfigVersion.cmake",
		"C:/Qt/6.4.3/mingw_64/lib/cmake/Qt6CoreTools/Qt6CoreToolsConfigVersionImpl.cmake",
		"C:/Qt/6.4.3/mingw_64/lib/cmake/Qt6CoreTools/Qt6CoreToolsConfig.cmake",
		"C:/Qt/Tools/CMake_64/share/cmake-3.24/Modules/CMakeFindDependencyMacro.cmake",
		"C:/Qt/6.4.3/mingw_64/lib/cmake/Qt6CoreTools/Qt6CoreToolsDependencies.cmake",
		"C:/Qt/6.4.3/mingw_64/lib/cmake/Qt6CoreTools/Qt6CoreToolsTargets.cmake",
		"C:/Qt/6.4.3/mingw_64/lib/cmake/Qt6CoreTools/Qt6CoreToolsTargets-relwithdebinfo.cmake",
		"C:/Qt/6.4.3/mingw_64/lib/cmake/Qt6CoreTools/Qt6CoreToolsAdditionalTargetInfo.cmake",
		"C:/Qt/6.4.3/mingw_64/lib/cmake/Qt6CoreTools/Qt6CoreToolsVersionlessTargets.cmake",
		"C:/Qt/6.4.3/mingw_64/lib/cmake/Qt6ZlibPrivate/Qt6ZlibPrivateConfigVersion.cmake",
		"C:/Qt/6.4.3/mingw_64/lib/cmake/Qt6ZlibPrivate/Qt6ZlibPrivateConfigVersionImpl.cmake",
		"C:/Qt/6.4.3/mingw_64/lib/cmake/Qt6ZlibPrivate/Qt6ZlibPrivateConfig.cmake",
		"C:/Qt/Tools/CMake_64/share/cmake-3.24/Modules/CMakeFindDependencyMacro.cmake",
		"C:/Qt/6.4.3/mingw_64/lib/cmake/Qt6ZlibPrivate/Qt6ZlibPrivateTargets.cmake",
		"C:/Qt/6.4.3/mingw_64/lib/cmake/Qt6ZlibPrivate/Qt6ZlibPrivateAdditionalTargetInfo.cmake",
		"C:/Qt/6.4.3/mingw_64/lib/cmake/Qt6ZlibPrivate/Qt6ZlibPrivateVersionlessTargets.cmake",
		"C:/Qt/6.4.3/mingw_64/lib/cmake/Qt6EntryPointPrivate/Qt6EntryPointPrivateConfigVersion.cmake",
		"C:/Qt/6.4.3/mingw_64/lib/cmake/Qt6EntryPointPrivate/Qt6EntryPointPrivateConfigVersionImpl.cmake",
		"C:/Qt/6.4.3/mingw_64/lib/cmake/Qt6EntryPointPrivate/Qt6EntryPointPrivateConfig.cmake",
		"C:/Qt/Tools/CMake_64/share/cmake-3.24/Modules/CMakeFindDependencyMacro.cmake",
		"C:/Qt/6.4.3/mingw_64/lib/cmake/Qt6EntryPointPrivate/Qt6EntryPointPrivateTargets.cmake",
		"C:/Qt/6.4.3/mingw_64/lib/cmake/Qt6EntryPointPrivate/Qt6EntryPointPrivateTargets-relwithdebinfo.cmake",
		"C:/Qt/6.4.3/mingw_64/lib/cmake/Qt6EntryPointPrivate/Qt6EntryPointPrivateAdditionalTargetInfo.cmake",
		"C:/Qt/6.4.3/mingw_64/lib/cmake/Qt6EntryPointPrivate/Qt6EntryPointPrivateVersionlessTargets.cmake",
		"C:/Qt/6.4.3/mingw_64/lib/cmake/Qt6EntryPointPrivate/Qt6EntryPointMinGW32Target.cmake",
		"C:/Qt/6.4.3/mingw_64/lib/cmake/Qt6Core/Qt6CoreTargets.cmake",
		"C:/Qt/6.4.3/mingw_64/lib/cmake/Qt6Core/Qt6CoreTargets-relwithdebinfo.cmake",
		"C:/Qt/6.4.3/mingw_64/lib/cmake/Qt6Core/Qt6CoreAdditionalTargetInfo.cmake",
		"C:/Qt/6.4.3/mingw_64/lib/cmake/Qt6Core/Qt6CoreVersionlessTargets.cmake",
		"C:/Qt/6.4.3/mingw_64/lib/cmake/Qt6Core/Qt6CoreMacros.cmake",
		"C:/Qt/6.4.3/mingw_64/lib/cmake/Qt6Core/Qt6CoreConfigExtras.cmake",
		"C:/Qt/Tools/CMake_64/share/cmake-3.24/Modules/GNUInstallDirs.cmake",
		"C:/Qt/6.4.3/mingw_64/lib/cmake/Qt6Gui/Qt6GuiConfigVersion.cmake",
		"C:/Qt/6.4.3/mingw_64/lib/cmake/Qt6Gui/Qt6GuiConfigVersionImpl.cmake",
		"C:/Qt/6.4.3/mingw_64/lib/cmake/Qt6Gui/Qt6GuiConfig.cmake",
		"C:/Qt/Tools/CMake_64/share/cmake-3.24/Modules/CMakeFindDependencyMacro.cmake",
		"C:/Qt/6.4.3/mingw_64/lib/cmake/Qt6Gui/Qt6GuiDependencies.cmake",
		"C:/Qt/6.4.3/mingw_64/lib/cmake/Qt6/FindWrapVulkanHeaders.cmake",
		"C:/Qt/Tools/CMake_64/share/cmake-3.24/Modules/FindVulkan.cmake",
		"C:/Qt/Tools/CMake_64/share/cmake-3.24/Modules/FindPackageHandleStandardArgs.cmake",
		"C:/Qt/Tools/CMake_64/share/cmake-3.24/Modules/FindPackageMessage.cmake",
		"C:/Qt/Tools/CMake_64/share/cmake-3.24/Modules/FindPackageHandleStandardArgs.cmake",
		"C:/Qt/Tools/CMake_64/share/cmake-3.24/Modules/FindPackageMessage.cmake",
		"C:/Qt/6.4.3/mingw_64/lib/cmake/Qt6GuiTools/Qt6GuiToolsConfigVersion.cmake",
		"C:/Qt/6.4.3/mingw_64/lib/cmake/Qt6GuiTools/Qt6GuiToolsConfigVersionImpl.cmake",
		"C:/Qt/6.4.3/mingw_64/lib/cmake/Qt6GuiTools/Qt6GuiToolsConfig.cmake",
		"C:/Qt/Tools/CMake_64/share/cmake-3.24/Modules/CMakeFindDependencyMacro.cmake",
		"C:/Qt/6.4.3/mingw_64/lib/cmake/Qt6GuiTools/Qt6GuiToolsDependencies.cmake",
		"C:/Qt/6.4.3/mingw_64/lib/cmake/Qt6GuiTools/Qt6GuiToolsTargets.cmake",
		"C:/Qt/6.4.3/mingw_64/lib/cmake/Qt6GuiTools/Qt6GuiToolsTargets-relwithdebinfo.cmake",
		"C:/Qt/6.4.3/mingw_64/lib/cmake/Qt6GuiTools/Qt6GuiToolsAdditionalTargetInfo.cmake",
		"C:/Qt/6.4.3/mingw_64/lib/cmake/Qt6GuiTools/Qt6GuiToolsVersionlessTargets.cmake",
		"C:/Qt/6.4.3/mingw_64/lib/cmake/Qt6Gui/Qt6GuiTargets.cmake",
		"C:/Qt/6.4.3/mingw_64/lib/cmake/Qt6Gui/Qt6GuiTargets-relwithdebinfo.cmake",
		"C:/Qt/6.4.3/mingw_64/lib/cmake/Qt6Gui/Qt6GuiAdditionalTargetInfo.cmake",
		"C:/Qt/6.4.3/mingw_64/lib/cmake/Qt6Gui/Qt6GuiVersionlessTargets.cmake",
		"C:/Qt/6.4.3/mingw_64/lib/cmake/Qt6Gui/Qt6GuiPlugins.cmake",
		"C:/Qt/6.4.3/mingw_64/lib/cmake/Qt6Gui/Qt6QGifPluginConfig.cmake",
		"C:/Qt/Tools/CMake_64/share/cmake-3.24/Modules/CMakeFindDependencyMacro.cmake",
		"C:/Qt/6.4.3/mingw_64/lib/cmake/Qt6Gui/Qt6QGifPluginTargets.cmake",
		"C:/Qt/6.4.3/mingw_64/lib/cmake/Qt6Gui/Qt6QGifPluginTargets-relwithdebinfo.cmake",
		"C:/Qt/6.4.3/mingw_64/lib/cmake/Qt6Gui/Qt6QGifPluginAdditionalTargetInfo.cmake",
		"C:/Qt/6.4.3/mingw_64/lib/cmake/Qt6Gui/Qt6QICOPluginConfig.cmake",
		"C:/Qt/Tools/CMake_64/share/cmake-3.24/Modules/CMakeFindDependencyMacro.cmake",
		"C:/Qt/6.4.3/mingw_64/lib/cmake/Qt6Gui/Qt6QICOPluginTargets.cmake",
		"C:/Qt/6.4.3/mingw_64/lib/cmake/Qt6Gui/Qt6QICOPluginTargets-relwithdebinfo.cmake",
		"C:/Qt/6.4.3/mingw_64/lib/cmake/Qt6Gui/Qt6QICOPluginAdditionalTargetInfo.cmake",
		"C:/Qt/6.4.3/mingw_64/lib/cmake/Qt6Gui/Qt6QJpegPluginConfig.cmake",
		"C:/Qt/Tools/CMake_64/share/cmake-3.24/Modules/CMakeFindDependencyMacro.cmake",
		"C:/Qt/6.4.3/mingw_64/lib/cmake/Qt6Gui/Qt6QJpegPluginTargets.cmake",
		"C:/Qt/6.4.3/mingw_64/lib/cmake/Qt6Gui/Qt6QJpegPluginTargets-relwithdebinfo.cmake",
		"C:/Qt/6.4.3/mingw_64/lib/cmake/Qt6Gui/Qt6QJpegPluginAdditionalTargetInfo.cmake",
		"C:/Qt/6.4.3/mingw_64/lib/cmake/Qt6Gui/Qt6QMinimalIntegrationPluginConfig.cmake",
		"C:/Qt/Tools/CMake_64/share/cmake-3.24/Modules/CMakeFindDependencyMacro.cmake",
		"C:/Qt/6.4.3/mingw_64/lib/cmake/Qt6Gui/Qt6QMinimalIntegrationPluginTargets.cmake",
		"C:/Qt/6.4.3/mingw_64/lib/cmake/Qt6Gui/Qt6QMinimalIntegrationPluginTargets-relwithdebinfo.cmake",
		"C:/Qt/6.4.3/mingw_64/lib/cmake/Qt6Gui/Qt6QMinimalIntegrationPluginAdditionalTargetInfo.cmake",
		"C:/Qt/6.4.3/mingw_64/lib/cmake/Qt6Gui/Qt6QOffscreenIntegrationPluginConfig.cmake",
		"C:/Qt/Tools/CMake_64/share/cmake-3.24/Modules/CMakeFindDependencyMacro.cmake",
		"C:/Qt/6.4.3/mingw_64/lib/cmake/Qt6Gui/Qt6QOffscreenIntegrationPluginTargets.cmake",
		"C:/Qt/6.4.3/mingw_64/lib/cmake/Qt6Gui/Qt6QOffscreenIntegrationPluginTargets-relwithdebinfo.cmake",
		"C:/Qt/6.4.3/mingw_64/lib/cmake/Qt6Gui/Qt6QOffscreenIntegrationPluginAdditionalTargetInfo.cmake",
		"C:/Qt/6.4.3/mingw_64/lib/cmake/Qt6Gui/Qt6QSvgIconPluginConfig.cmake",
		"C:/Qt/Tools/CMake_64/share/cmake-3.24/Modules/CMakeFindDependencyMacro.cmake",
		"C:/Qt/6.4.3/mingw_64/lib/cmake/Qt6Gui/Qt6QSvgIconPluginTargets.cmake",
		"C:/Qt/6.4.3/mingw_64/lib/cmake/Qt6Gui/Qt6QSvgIconPluginTargets-relwithdebinfo.cmake",
		"C:/Qt/6.4.3/mingw_64/lib/cmake/Qt6Gui/Qt6QSvgIconPluginAdditionalTargetInfo.cmake",
		"C:/Qt/6.4.3/mingw_64/lib/cmake/Qt6Gui/Qt6QSvgPluginConfig.cmake",
		"C:/Qt/Tools/CMake_64/share/cmake-3.24/Modules/CMakeFindDependencyMacro.cmake",
		"C:/Qt/6.4.3/mingw_64/lib/cmake/Qt6Gui/Qt6QSvgPluginTargets.cmake",
		"C:/Qt/6.4.3/mingw_64/lib/cmake/Qt6Gui/Qt6QSvgPluginTargets-relwithdebinfo.cmake",
		"C:/Qt/6.4.3/mingw_64/lib/cmake/Qt6Gui/Qt6QSvgPluginAdditionalTargetInfo.cmake",
		"C:/Qt/6.4.3/mingw_64/lib/cmake/Qt6Gui/Qt6QTuioTouchPluginConfig.cmake",
		"C:/Qt/Tools/CMake_64/share/cmake-3.24/Modules/CMakeFindDependencyMacro.cmake",
		"C:/Qt/6.4.3/mingw_64/lib/cmake/Qt6Gui/Qt6QTuioTouchPluginTargets.cmake",
		"C:/Qt/6.4.3/mingw_64/lib/cmake/Qt6Gui/Qt6QTuioTouchPluginTargets-relwithdebinfo.cmake",
		"C:/Qt/6.4.3/mingw_64/lib/cmake/Qt6Gui/Qt6QTuioTouchPluginAdditionalTargetInfo.cmake",
		"C:/Qt/6.4.3/mingw_64/lib/cmake/Qt6Gui/Qt6QWindowsDirect2DIntegrationPluginConfig.cmake",
		"C:/Qt/Tools/CMake_64/share/cmake-3.24/Modules/CMakeFindDependencyMacro.cmake",
		"C:/Qt/6.4.3/mingw_64/lib/cmake/Qt6Gui/Qt6QWindowsDirect2DIntegrationPluginTargets.cmake",
		"C:/Qt/6.4.3/mingw_64/lib/cmake/Qt6Gui/Qt6QWindowsDirect2DIntegrationPluginTargets-relwithdebinfo.cmake",
		"C:/Qt/6.4.3/mingw_64/lib/cmake/Qt6Gui/Qt6QWindowsDirect2DIntegrationPluginAdditionalTargetInfo.cmake",
		"C:/Qt/6.4.3/mingw_64/lib/cmake/Qt6Gui/Qt6QWindowsIntegrationPluginConfig.cmake",
		"C:/Qt/Tools/CMake_64/share/cmake-3.24/Modules/CMakeFindDependencyMacro.cmake",
		"C:/Qt/6.4.3/mingw_64/lib/cmake/Qt6Gui/Qt6QWindowsIntegrationPluginTargets.cmake",
		"C:/Qt/6.4.3/mingw_64/lib/cmake/Qt6Gui/Qt6QWindowsIntegrationPluginTargets-relwithdebinfo.cmake",
		"C:/Qt/6.4.3/mingw_64/lib/cmake/Qt6Gui/Qt6QWindowsIntegrationPluginAdditionalTargetInfo.cmake",
		"C:/Qt/6.4.3/mingw_64/lib/cmake/Qt6Qml/Qt6QmlConfigVersion.cmake",
		"C:/Qt/6.4.3/mingw_64/lib/cmake/Qt6Qml/Qt6QmlConfigVersionImpl.cmake",
		"C:/Qt/6.4.3/mingw_64/lib/cmake/Qt6Qml/Qt6QmlConfig.cmake",
		"C:/Qt/Tools/CMake_64/share/cmake-3.24/Modules/CMakeFindDependencyMacro.cmake",
		"C:/Qt/6.4.3/mingw_64/lib/cmake/Qt6Qml/Qt6QmlDependencies.cmake",
		"C:/Qt/6.4.3/mingw_64/lib/cmake/Qt6QmlTools/Qt6QmlToolsConfigVersion.cmake",
		"C:/Qt/6.4.3/mingw_64/lib/cmake/Qt6QmlTools/Qt6QmlToolsConfigVersionImpl.cmake",
		"C:/Qt/6.4.3/mingw_64/lib/cmake/Qt6QmlTools/Qt6QmlToolsConfig.cmake",
		"C:/Qt/Tools/CMake_64/share/cmake-3.24/Modules/CMakeFindDependencyMacro.cmake",
		"C:/Qt/6.4.3/mingw_64/lib/cmake/Qt6QmlTools/Qt6QmlToolsDependencies.cmake",
		"C:/Qt/6.4.3/mingw_64/lib/cmake/Qt6QmlTools/Qt6QmlToolsTargets.cmake",
		"C:/Qt/6.4.3/mingw_64/lib/cmake/Qt6QmlTools/Qt6QmlToolsTargets-relwithdebinfo.cmake",
		"C:/Qt/6.4.3/mingw_64/lib/cmake/Qt6QmlTools/Qt6QmlToolsAdditionalTargetInfo.cmake",
		"C:/Qt/6.4.3/mingw_64/lib/cmake/Qt6QmlTools/Qt6QmlToolsVersionlessTargets.cmake",
		"C:/Qt/6.4.3/mingw_64/lib/cmake/Qt6QmlIntegration/Qt6QmlIntegrationConfigVersion.cmake",
		"C:/Qt/6.4.3/mingw_64/lib/cmake/Qt6QmlIntegration/Qt6QmlIntegrationConfigVersionImpl.cmake",
		"C:/Qt/6.4.3/mingw_64/lib/cmake/Qt6QmlIntegration/Qt6QmlIntegrationConfig.cmake",
		"C:/Qt/Tools/CMake_64/share/cmake-3.24/Modules/CMakeFindDependencyMacro.cmake",
		"C:/Qt/6.4.3/mingw_64/lib/cmake/Qt6QmlIntegration/Qt6QmlIntegrationTargets.cmake",
		"C:/Qt/6.4.3/mingw_64/lib/cmake/Qt6QmlIntegration/Qt6QmlIntegrationAdditionalTargetInfo.cmake",
		"C:/Qt/6.4.3/mingw_64/lib/cmake/Qt6QmlIntegration/Qt6QmlIntegrationVersionlessTargets.cmake",
		"C:/Qt/6.4.3/mingw_64/lib/cmake/Qt6Network/Qt6NetworkConfigVersion.cmake",
		"C:/Qt/6.4.3/mingw_64/lib/cmake/Qt6Network/Qt6NetworkConfigVersionImpl.cmake",
		"C:/Qt/6.4.3/mingw_64/lib/cmake/Qt6Network/Qt6NetworkConfig.cmake",
		"C:/Qt/Tools/CMake_64/share/cmake-3.24/Modules/CMakeFindDependencyMacro.cmake",
		"C:/Qt/6.4.3/mingw_64/lib/cmake/Qt6Network/Qt6NetworkDependencies.cmake",
		"C:/Qt/6.4.3/mingw_64/lib/cmake/Qt6Network/Qt6NetworkTargets.cmake",
		"C:/Qt/6.4.3/mingw_64/lib/cmake/Qt6Network/Qt6NetworkTargets-relwithdebinfo.cmake",
		"C:/Qt/6.4.3/mingw_64/lib/cmake/Qt6Network/Qt6NetworkAdditionalTargetInfo.cmake",
		"C:/Qt/6.4.3/mingw_64/lib/cmake/Qt6Network/Qt6NetworkVersionlessTargets.cmake",
		"C:/Qt/6.4.3/mingw_64/lib/cmake/Qt6Network/Qt6NetworkPlugins.cmake",
		"C:/Qt/6.4.3/mingw_64/lib/cmake/Qt6Network/Qt6QSchannelBackendPluginConfig.cmake",
		"C:/Qt/Tools/CMake_64/share/cmake-3.24/Modules/CMakeFindDependencyMacro.cmake",
		"C:/Qt/6.4.3/mingw_64/lib/cmake/Qt6Network/Qt6QSchannelBackendPluginTargets.cmake",
		"C:/Qt/6.4.3/mingw_64/lib/cmake/Qt6Network/Qt6QSchannelBackendPluginTargets-relwithdebinfo.cmake",
		"C:/Qt/6.4.3/mingw_64/lib/cmake/Qt6Network/Qt6QSchannelBackendPluginAdditionalTargetInfo.cmake",
		"C:/Qt/6.4.3/mingw_64/lib/cmake/Qt6Network/Qt6QTlsBackendCertOnlyPluginConfig.cmake",
		"C:/Qt/Tools/CMake_64/share/cmake-3.24/Modules/CMakeFindDependencyMacro.cmake",
		"C:/Qt/6.4.3/mingw_64/lib/cmake/Qt6Network/Qt6QTlsBackendCertOnlyPluginTargets.cmake",
		"C:/Qt/6.4.3/mingw_64/lib/cmake/Qt6Network/Qt6QTlsBackendCertOnlyPluginTargets-relwithdebinfo.cmake",
		"C:/Qt/6.4.3/mingw_64/lib/cmake/Qt6Network/Qt6QTlsBackendCertOnlyPluginAdditionalTargetInfo.cmake",
		"C:/Qt/6.4.3/mingw_64/lib/cmake/Qt6Network/Qt6QTlsBackendOpenSSLPluginConfig.cmake",
		"C:/Qt/Tools/CMake_64/share/cmake-3.24/Modules/CMakeFindDependencyMacro.cmake",
		"C:/Qt/6.4.3/mingw_64/lib/cmake/Qt6Network/Qt6QTlsBackendOpenSSLPluginTargets.cmake",
		"C:/Qt/6.4.3/mingw_64/lib/cmake/Qt6Network/Qt6QTlsBackendOpenSSLPluginTargets-relwithdebinfo.cmake",
		"C:/Qt/6.4.3/mingw_64/lib/cmake/Qt6Network/Qt6QTlsBackendOpenSSLPluginAdditionalTargetInfo.cmake",
		"C:/Qt/6.4.3/mingw_64/lib/cmake/Qt6Qml/Qt6QmlTargets.cmake",
		"C:/Qt/6.4.3/mingw_64/lib/cmake/Qt6Qml/Qt6QmlTargets-relwithdebinfo.cmake",
		"C:/Qt/6.4.3/mingw_64/lib/cmake/Qt6Qml/Qt6QmlAdditionalTargetInfo.cmake",
		"C:/Qt/6.4.3/mingw_64/lib/cmake/Qt6Qml/Qt6QmlVersionlessTargets.cmake",
		"C:/Qt/6.4.3/mingw_64/lib/cmake/Qt6Qml/Qt6QmlMacros.cmake",
		"C:/Qt/Tools/CMake_64/share/cmake-3.24/Modules/GNUInstallDirs.cmake",
		"C:/Qt/6.4.3/mingw_64/lib/cmake/Qt6Qml/Qt6QmlConfigExtras.cmake",
		"C:/Qt/6.4.3/mingw_64/lib/cmake/Qt6Qml/Qt6QmlFindQmlscInternal.cmake",
		"C:/Qt/6.4.3/mingw_64/lib/cmake/Qt6Qml/Qt6QmlPlugins.cmake",
		"C:/Qt/6.4.3/mingw_64/lib/cmake/Qt6Qml/QmlPlugins/Qt6QuickControlsTestUtilsPrivatepluginConfig.cmake",
		"C:/Qt/Tools/CMake_64/share/cmake-3.24/Modules/CMakeFindDependencyMacro.cmake",
		"C:/Qt/6.4.3/mingw_64/lib/cmake/Qt6Qml/QmlPlugins/Qt6QuickControlsTestUtilsPrivatepluginTargets.cmake",
		"C:/Qt/6.4.3/mingw_64/lib/cmake/Qt6Qml/QmlPlugins/Qt6QuickControlsTestUtilsPrivatepluginTargets-relwithdebinfo.cmake",
		"C:/Qt/6.4.3/mingw_64/lib/cmake/Qt6Qml/QmlPlugins/Qt6QuickControlsTestUtilsPrivatepluginAdditionalTargetInfo.cmake",
		"C:/Qt/6.4.3/mingw_64/lib/cmake/Qt6Qml/QmlPlugins/Qt6QuickTestpluginConfig.cmake",
		"C:/Qt/Tools/CMake_64/share/cmake-3.24/Modules/CMakeFindDependencyMacro.cmake",
		"C:/Qt/6.4.3/mingw_64/lib/cmake/Qt6Qml/QmlPlugins/Qt6QuickTestpluginTargets.cmake",
		"C:/Qt/6.4.3/mingw_64/lib/cmake/Qt6Qml/QmlPlugins/Qt6QuickTestpluginTargets-relwithdebinfo.cmake",
		"C:/Qt/6.4.3/mingw_64/lib/cmake/Qt6Qml/QmlPlugins/Qt6QuickTestpluginAdditionalTargetInfo.cmake",
		"C:/Qt/6.4.3/mingw_64/lib/cmake/Qt6Qml/QmlPlugins/Qt6labsanimationpluginConfig.cmake",
		"C:/Qt/Tools/CMake_64/share/cmake-3.24/Modules/CMakeFindDependencyMacro.cmake",
		"C:/Qt/6.4.3/mingw_64/lib/cmake/Qt6Qml/QmlPlugins/Qt6labsanimationpluginTargets.cmake",
		"C:/Qt/6.4.3/mingw_64/lib/cmake/Qt6Qml/QmlPlugins/Qt6labsanimationpluginTargets-relwithdebinfo.cmake",
		"C:/Qt/6.4.3/mingw_64/lib/cmake/Qt6Qml/QmlPlugins/Qt6labsanimationpluginAdditionalTargetInfo.cmake",
		"C:/Qt/6.4.3/mingw_64/lib/cmake/Qt6Qml/QmlPlugins/Qt6labsmodelspluginConfig.cmake",
		"C:/Qt/Tools/CMake_64/share/cmake-3.24/Modules/CMakeFindDependencyMacro.cmake",
		"C:/Qt/6.4.3/mingw_64/lib/cmake/Qt6Qml/QmlPlugins/Qt6labsmodelspluginTargets.cmake",
		"C:/Qt/6.4.3/mingw_64/lib/cmake/Qt6Qml/QmlPlugins/Qt6labsmodelspluginTargets-relwithdebinfo.cmake",
		"C:/Qt/6.4.3/mingw_64/lib/cmake/Qt6Qml/QmlPlugins/Qt6labsmodelspluginAdditionalTargetInfo.cmake",
		"C:/Qt/6.4.3/mingw_64/lib/cmake/Qt6Qml/QmlPlugins/Qt6modelspluginConfig.cmake",
		"C:/Qt/Tools/CMake_64/share/cmake-3.24/Modules/CMakeFindDependencyMacro.cmake",
		"C:/Qt/6.4.3/mingw_64/lib/cmake/Qt6Qml/QmlPlugins/Qt6modelspluginTargets.cmake",
		"C:/Qt/6.4.3/mingw_64/lib/cmake/Qt6Qml/QmlPlugins/Qt6modelspluginTargets-relwithdebinfo.cmake",
		"C:/Qt/6.4.3/mingw_64/lib/cmake/Qt6Qml/QmlPlugins/Qt6modelspluginAdditionalTargetInfo.cmake",
		"C:/Qt/6.4.3/mingw_64/lib/cmake/Qt6Qml/QmlPlugins/Qt6particlespluginConfig.cmake",
		"C:/Qt/Tools/CMake_64/share/cmake-3.24/Modules/CMakeFindDependencyMacro.cmake",
		"C:/Qt/6.4.3/mingw_64/lib/cmake/Qt6Qml/QmlPlugins/Qt6particlespluginTargets.cmake",
		"C:/Qt/6.4.3/mingw_64/lib/cmake/Qt6Qml/QmlPlugins/Qt6particlespluginTargets-relwithdebinfo.cmake",
		"C:/Qt/6.4.3/mingw_64/lib/cmake/Qt6Qml/QmlPlugins/Qt6particlespluginAdditionalTargetInfo.cmake",
		"C:/Qt/6.4.3/mingw_64/lib/cmake/Qt6Qml/QmlPlugins/Qt6positioningquickpluginConfig.cmake",
		"C:/Qt/Tools/CMake_64/share/cmake-3.24/Modules/CMakeFindDependencyMacro.cmake",
		"C:/Qt/6.4.3/mingw_64/lib/cmake/Qt6Qml/QmlPlugins/Qt6positioningquickpluginTargets.cmake",
		"C:/Qt/6.4.3/mingw_64/lib/cmake/Qt6Qml/QmlPlugins/Qt6positioningquickpluginTargets-relwithdebinfo.cmake",
		"C:/Qt/6.4.3/mingw_64/lib/cmake/Qt6Qml/QmlPlugins/Qt6positioningquickpluginAdditionalTargetInfo.cmake",
		"C:/Qt/6.4.3/mingw_64/lib/cmake/Qt6Qml/QmlPlugins/Qt6qmlfolderlistmodelpluginConfig.cmake",
		"C:/Qt/Tools/CMake_64/share/cmake-3.24/Modules/CMakeFindDependencyMacro.cmake",
		"C:/Qt/6.4.3/mingw_64/lib/cmake/Qt6Qml/QmlPlugins/Qt6qmlfolderlistmodelpluginTargets.cmake",
		"C:/Qt/6.4.3/mingw_64/lib/cmake/Qt6Qml/QmlPlugins/Qt6qmlfolderlistmodelpluginTargets-relwithdebinfo.cmake",
		"C:/Qt/6.4.3/mingw_64/lib/cmake/Qt6Qml/QmlPlugins/Qt6qmlfolderlistmodelpluginAdditionalTargetInfo.cmake",
		"C:/Qt/6.4.3/mingw_64/lib/cmake/Qt6Qml/QmlPlugins/Qt6qmllocalstoragepluginConfig.cmake",
		"C:/Qt/Tools/CMake_64/share/cmake-3.24/Modules/CMakeFindDependencyMacro.cmake",
		"C:/Qt/6.4.3/mingw_64/lib/cmake/Qt6Qml/QmlPlugins/Qt6qmllocalstoragepluginTargets.cmake",
		"C:/Qt/6.4.3/mingw_64/lib/cmake/Qt6Qml/QmlPlugins/Qt6qmllocalstoragepluginTargets-relwithdebinfo.cmake",
		"C:/Qt/6.4.3/mingw_64/lib/cmake/Qt6Qml/QmlPlugins/Qt6qmllocalstoragepluginAdditionalTargetInfo.cmake",
		"C:/Qt/6.4.3/mingw_64/lib/cmake/Qt6Qml/QmlPlugins/Qt6qmlpluginConfig.cmake",
		"C:/Qt/Tools/CMake_64/share/cmake-3.24/Modules/CMakeFindDependencyMacro.cmake",
		"C:/Qt/6.4.3/mingw_64/lib/cmake/Qt6Qml/QmlPlugins/Qt6qmlpluginTargets.cmake",
		"C:/Qt/6.4.3/mingw_64/lib/cmake/Qt6Qml/QmlPlugins/Qt6qmlpluginTargets-relwithdebinfo.cmake",
		"C:/Qt/6.4.3/mingw_64/lib/cmake/Qt6Qml/QmlPlugins/Qt6qmlpluginAdditionalTargetInfo.cmake",
		"C:/Qt/6.4.3/mingw_64/lib/cmake/Qt6Qml/QmlPlugins/Qt6qmlsettingspluginConfig.cmake",
		"C:/Qt/Tools/CMake_64/share/cmake-3.24/Modules/CMakeFindDependencyMacro.cmake",
		"C:/Qt/6.4.3/mingw_64/lib/cmake/Qt6Qml/QmlPlugins/Qt6qmlsettingspluginTargets.cmake",
		"C:/Qt/6.4.3/mingw_64/lib/cmake/Qt6Qml/QmlPlugins/Qt6qmlsettingspluginTargets-relwithdebinfo.cmake",
		"C:/Qt/6.4.3/mingw_64/lib/cmake/Qt6Qml/QmlPlugins/Qt6qmlsettingspluginAdditionalTargetInfo.cmake",
		"C:/Qt/6.4.3/mingw_64/lib/cmake/Qt6Qml/QmlPlugins/Qt6qmlshapespluginConfig.cmake",
		"C:/Qt/Tools/CMake_64/share/cmake-3.24/Modules/CMakeFindDependencyMacro.cmake",
		"C:/Qt/6.4.3/mingw_64/lib/cmake/Qt6Qml/QmlPlugins/Qt6qmlshapespluginTargets.cmake",
		"C:/Qt/6.4.3/mingw_64/lib/cmake/Qt6Qml/QmlPlugins/Qt6qmlshapespluginTargets-relwithdebinfo.cmake",
		"C:/Qt/6.4.3/mingw_64/lib/cmake/Qt6Qml/QmlPlugins/Qt6qmlshapespluginAdditionalTargetInfo.cmake",
		"C:/Qt/6.4.3/mingw_64/lib/cmake/Qt6Qml/QmlPlugins/Qt6qmlwavefrontmeshpluginConfig.cmake",
		"C:/Qt/Tools/CMake_64/share/cmake-3.24/Modules/CMakeFindDependencyMacro.cmake",
		"C:/Qt/6.4.3/mingw_64/lib/cmake/Qt6Qml/QmlPlugins/Qt6qmlwavefrontmeshpluginTargets.cmake",
		"C:/Qt/6.4.3/mingw_64/lib/cmake/Qt6Qml/QmlPlugins/Qt6qmlwavefrontmeshpluginTargets-relwithdebinfo.cmake",
		"C:/Qt/6.4.3/mingw_64/lib/cmake/Qt6Qml/QmlPlugins/Qt6qmlwavefrontmeshpluginAdditionalTargetInfo.cmake",
		"C:/Qt/6.4.3/mingw_64/lib/cmake/Qt6Qml/QmlPlugins/Qt6qmlxmllistmodelpluginConfig.cmake",
		"C:/Qt/Tools/CMake_64/share/cmake-3.24/Modules/CMakeFindDependencyMacro.cmake",
		"C:/Qt/6.4.3/mingw_64/lib/cmake/Qt6Qml/QmlPlugins/Qt6qmlxmllistmodelpluginTargets.cmake",
		"C:/Qt/6.4.3/mingw_64/lib/cmake/Qt6Qml/QmlPlugins/Qt6qmlxmllistmodelpluginTargets-relwithdebinfo.cmake",
		"C:/Qt/6.4.3/mingw_64/lib/cmake/Qt6Qml/QmlPlugins/Qt6qmlxmllistmodelpluginAdditionalTargetInfo.cmake",
		"C:/Qt/6.4.3/mingw_64/lib/cmake/Qt6Qml/QmlPlugins/Qt6qquick3dpluginConfig.cmake",
		"C:/Qt/Tools/CMake_64/share/cmake-3.24/Modules/CMakeFindDependencyMacro.cmake",
		"C:/Qt/6.4.3/mingw_64/lib/cmake/Qt6Qml/QmlPlugins/Qt6qquick3dpluginTargets.cmake",
		"C:/Qt/6.4.3/mingw_64/lib/cmake/Qt6Qml/QmlPlugins/Qt6qquick3dpluginTargets-relwithdebinfo.cmake",
		"C:/Qt/6.4.3/mingw_64/lib/cmake/Qt6Qml/QmlPlugins/Qt6qquick3dpluginAdditionalTargetInfo.cmake",
		"C:/Qt/6.4.3/mingw_64/lib/cmake/Qt6Qml/QmlPlugins/Qt6qquicklayoutspluginConfig.cmake",
		"C:/Qt/Tools/CMake_64/share/cmake-3.24/Modules/CMakeFindDependencyMacro.cmake",
		"C:/Qt/6.4.3/mingw_64/lib/cmake/Qt6Qml/QmlPlugins/Qt6qquicklayoutspluginTargets.cmake",
		"C:/Qt/6.4.3/mingw_64/lib/cmake/Qt6Qml/QmlPlugins/Qt6qquicklayoutspluginTargets-relwithdebinfo.cmake",
		"C:/Qt/6.4.3/mingw_64/lib/cmake/Qt6Qml/QmlPlugins/Qt6qquicklayoutspluginAdditionalTargetInfo.cmake",
		"C:/Qt/6.4.3/mingw_64/lib/cmake/Qt6Qml/QmlPlugins/Qt6qtchartsqml2Config.cmake",
		"C:/Qt/Tools/CMake_64/share/cmake-3.24/Modules/CMakeFindDependencyMacro.cmake",
		"C:/Qt/6.4.3/mingw_64/lib/cmake/Qt6Qml/QmlPlugins/Qt6qtchartsqml2Targets.cmake",
		"C:/Qt/6.4.3/mingw_64/lib/cmake/Qt6Qml/QmlPlugins/Qt6qtchartsqml2Targets-relwithdebinfo.cmake",
		"C:/Qt/6.4.3/mingw_64/lib/cmake/Qt6Qml/QmlPlugins/Qt6qtchartsqml2AdditionalTargetInfo.cmake",
		"C:/Qt/6.4.3/mingw_64/lib/cmake/Qt6Qml/QmlPlugins/Qt6qtgraphicaleffectspluginConfig.cmake",
		"C:/Qt/Tools/CMake_64/share/cmake-3.24/Modules/CMakeFindDependencyMacro.cmake",
		"C:/Qt/6.4.3/mingw_64/lib/cmake/Qt6Qml/QmlPlugins/Qt6qtgraphicaleffectspluginTargets.cmake",
		"C:/Qt/6.4.3/mingw_64/lib/cmake/Qt6Qml/QmlPlugins/Qt6qtgraphicaleffectspluginTargets-relwithdebinfo.cmake",
		"C:/Qt/6.4.3/mingw_64/lib/cmake/Qt6Qml/QmlPlugins/Qt6qtgraphicaleffectspluginAdditionalTargetInfo.cmake",
		"C:/Qt/6.4.3/mingw_64/lib/cmake/Qt6Qml/QmlPlugins/Qt6qtgraphicaleffectsprivateConfig.cmake",
		"C:/Qt/Tools/CMake_64/share/cmake-3.24/Modules/CMakeFindDependencyMacro.cmake",
		"C:/Qt/6.4.3/mingw_64/lib/cmake/Qt6Qml/QmlPlugins/Qt6qtgraphicaleffectsprivateTargets.cmake",
		"C:/Qt/6.4.3/mingw_64/lib/cmake/Qt6Qml/QmlPlugins/Qt6qtgraphicaleffectsprivateTargets-relwithdebinfo.cmake",
		"C:/Qt/6.4.3/mingw_64/lib/cmake/Qt6Qml/QmlPlugins/Qt6qtgraphicaleffectsprivateAdditionalTargetInfo.cmake",
		"C:/Qt/6.4.3/mingw_64/lib/cmake/Qt6Qml/QmlPlugins/Qt6qtlabsplatformpluginConfig.cmake",
		"C:/Qt/Tools/CMake_64/share/cmake-3.24/Modules/CMakeFindDependencyMacro.cmake",
		"C:/Qt/6.4.3/mingw_64/lib/cmake/Qt6Qml/QmlPlugins/Qt6qtlabsplatformpluginTargets.cmake",
		"C:/Qt/6.4.3/mingw_64/lib/cmake/Qt6Qml/QmlPlugins/Qt6qtlabsplatformpluginTargets-relwithdebinfo.cmake",
		"C:/Qt/6.4.3/mingw_64/lib/cmake/Qt6Qml/QmlPlugins/Qt6qtlabsplatformpluginAdditionalTargetInfo.cmake",
		"C:/Qt/6.4.3/mingw_64/lib/cmake/Qt6Qml/QmlPlugins/Qt6qtqmlcorepluginConfig.cmake",
		"C:/Qt/Tools/CMake_64/share/cmake-3.24/Modules/CMakeFindDependencyMacro.cmake",
		"C:/Qt/6.4.3/mingw_64/lib/cmake/Qt6Qml/QmlPlugins/Qt6qtqmlcorepluginTargets.cmake",
		"C:/Qt/6.4.3/mingw_64/lib/cmake/Qt6Qml/QmlPlugins/Qt6qtqmlcorepluginTargets-relwithdebinfo.cmake",
		"C:/Qt/6.4.3/mingw_64/lib/cmake/Qt6Qml/QmlPlugins/Qt6qtqmlcorepluginAdditionalTargetInfo.cmake",
		"C:/Qt/6.4.3/mingw_64/lib/cmake/Qt6Qml/QmlPlugins/Qt6qtquick2pluginConfig.cmake",
		"C:/Qt/Tools/CMake_64/share/cmake-3.24/Modules/CMakeFindDependencyMacro.cmake",
		"C:/Qt/6.4.3/mingw_64/lib/cmake/Qt6Qml/QmlPlugins/Qt6qtquick2pluginTargets.cmake",
		"C:/Qt/6.4.3/mingw_64/lib/cmake/Qt6Qml/QmlPlugins/Qt6qtquick2pluginTargets-relwithdebinfo.cmake",
		"C:/Qt/6.4.3/mingw_64/lib/cmake/Qt6Qml/QmlPlugins/Qt6qtquick2pluginAdditionalTargetInfo.cmake",
		"C:/Qt/6.4.3/mingw_64/lib/cmake/Qt6Qml/QmlPlugins/Qt6qtquick3dassetutilspluginConfig.cmake",
		"C:/Qt/Tools/CMake_64/share/cmake-3.24/Modules/CMakeFindDependencyMacro.cmake",
		"C:/Qt/6.4.3/mingw_64/lib/cmake/Qt6Qml/QmlPlugins/Qt6qtquick3dassetutilspluginTargets.cmake",
		"C:/Qt/6.4.3/mingw_64/lib/cmake/Qt6Qml/QmlPlugins/Qt6qtquick3dassetutilspluginTargets-relwithdebinfo.cmake",
		"C:/Qt/6.4.3/mingw_64/lib/cmake/Qt6Qml/QmlPlugins/Qt6qtquick3dassetutilspluginAdditionalTargetInfo.cmake",
		"C:/Qt/6.4.3/mingw_64/lib/cmake/Qt6Qml/QmlPlugins/Qt6qtquick3deffectpluginConfig.cmake",
		"C:/Qt/Tools/CMake_64/share/cmake-3.24/Modules/CMakeFindDependencyMacro.cmake",
		"C:/Qt/6.4.3/mingw_64/lib/cmake/Qt6Qml/QmlPlugins/Qt6qtquick3deffectpluginTargets.cmake",
		"C:/Qt/6.4.3/mingw_64/lib/cmake/Qt6Qml/QmlPlugins/Qt6qtquick3deffectpluginTargets-relwithdebinfo.cmake",
		"C:/Qt/6.4.3/mingw_64/lib/cmake/Qt6Qml/QmlPlugins/Qt6qtquick3deffectpluginAdditionalTargetInfo.cmake",
		"C:/Qt/6.4.3/mingw_64/lib/cmake/Qt6Qml/QmlPlugins/Qt6qtquick3dhelperspluginConfig.cmake",
		"C:/Qt/Tools/CMake_64/share/cmake-3.24/Modules/CMakeFindDependencyMacro.cmake",
		"C:/Qt/6.4.3/mingw_64/lib/cmake/Qt6Qml/QmlPlugins/Qt6qtquick3dhelperspluginTargets.cmake",
		"C:/Qt/6.4.3/mingw_64/lib/cmake/Qt6Qml/QmlPlugins/Qt6qtquick3dhelperspluginTargets-relwithdebinfo.cmake",
		"C:/Qt/6.4.3/mingw_64/lib/cmake/Qt6Qml/QmlPlugins/Qt6qtquick3dhelperspluginAdditionalTargetInfo.cmake",
		"C:/Qt/6.4.3/mingw_64/lib/cmake/Qt6Qml/QmlPlugins/Qt6qtquick3dparticleeffectspluginConfig.cmake",
		"C:/Qt/Tools/CMake_64/share/cmake-3.24/Modules/CMakeFindDependencyMacro.cmake",
		"C:/Qt/6.4.3/mingw_64/lib/cmake/Qt6Qml/QmlPlugins/Qt6qtquick3dparticleeffectspluginTargets.cmake",
		"C:/Qt/6.4.3/mingw_64/lib/cmake/Qt6Qml/QmlPlugins/Qt6qtquick3dparticleeffectspluginTargets-relwithdebinfo.cmake",
		"C:/Qt/6.4.3/mingw_64/lib/cmake/Qt6Qml/QmlPlugins/Qt6qtquick3dparticleeffectspluginAdditionalTargetInfo.cmake",
		"C:/Qt/6.4.3/mingw_64/lib/cmake/Qt6Qml/QmlPlugins/Qt6qtquick3dparticles3dpluginConfig.cmake",
		"C:/Qt/Tools/CMake_64/share/cmake-3.24/Modules/CMakeFindDependencyMacro.cmake",
		"C:/Qt/6.4.3/mingw_64/lib/cmake/Qt6Qml/QmlPlugins/Qt6qtquick3dparticles3dpluginTargets.cmake",
		"C:/Qt/6.4.3/mingw_64/lib/cmake/Qt6Qml/QmlPlugins/Qt6qtquick3dparticles3dpluginTargets-relwithdebinfo.cmake",
		"C:/Qt/6.4.3/mingw_64/lib/cmake/Qt6Qml/QmlPlugins/Qt6qtquick3dparticles3dpluginAdditionalTargetInfo.cmake",
		"C:/Qt/6.4.3/mingw_64/lib/cmake/Qt6Qml/QmlPlugins/Qt6qtquickcontrols2basicstyleimplpluginConfig.cmake",
		"C:/Qt/Tools/CMake_64/share/cmake-3.24/Modules/CMakeFindDependencyMacro.cmake",
		"C:/Qt/6.4.3/mingw_64/lib/cmake/Qt6Qml/QmlPlugins/Qt6qtquickcontrols2basicstyleimplpluginTargets.cmake",
		"C:/Qt/6.4.3/mingw_64/lib/cmake/Qt6Qml/QmlPlugins/Qt6qtquickcontrols2basicstyleimplpluginTargets-relwithdebinfo.cmake",
		"C:/Qt/6.4.3/mingw_64/lib/cmake/Qt6Qml/QmlPlugins/Qt6qtquickcontrols2basicstyleimplpluginAdditionalTargetInfo.cmake",
		"C:/Qt/6.4.3/mingw_64/lib/cmake/Qt6Qml/QmlPlugins/Qt6qtquickcontrols2basicstylepluginConfig.cmake",
		"C:/Qt/Tools/CMake_64/share/cmake-3.24/Modules/CMakeFindDependencyMacro.cmake",
		"C:/Qt/6.4.3/mingw_64/lib/cmake/Qt6Qml/QmlPlugins/Qt6qtquickcontrols2basicstylepluginTargets.cmake",
		"C:/Qt/6.4.3/mingw_64/lib/cmake/Qt6Qml/QmlPlugins/Qt6qtquickcontrols2basicstylepluginTargets-relwithdebinfo.cmake",
		"C:/Qt/6.4.3/mingw_64/lib/cmake/Qt6Qml/QmlPlugins/Qt6qtquickcontrols2basicstylepluginAdditionalTargetInfo.cmake",
		"C:/Qt/6.4.3/mingw_64/lib/cmake/Qt6Qml/QmlPlugins/Qt6qtquickcontrols2fusionstyleimplpluginConfig.cmake",
		"C:/Qt/Tools/CMake_64/share/cmake-3.24/Modules/CMakeFindDependencyMacro.cmake",
		"C:/Qt/6.4.3/mingw_64/lib/cmake/Qt6Qml/QmlPlugins/Qt6qtquickcontrols2fusionstyleimplpluginTargets.cmake",
		"C:/Qt/6.4.3/mingw_64/lib/cmake/Qt6Qml/QmlPlugins/Qt6qtquickcontrols2fusionstyleimplpluginTargets-relwithdebinfo.cmake",
		"C:/Qt/6.4.3/mingw_64/lib/cmake/Qt6Qml/QmlPlugins/Qt6qtquickcontrols2fusionstyleimplpluginAdditionalTargetInfo.cmake",
		"C:/Qt/6.4.3/mingw_64/lib/cmake/Qt6Qml/QmlPlugins/Qt6qtquickcontrols2fusionstylepluginConfig.cmake",
		"C:/Qt/Tools/CMake_64/share/cmake-3.24/Modules/CMakeFindDependencyMacro.cmake",
		"C:/Qt/6.4.3/mingw_64/lib/cmake/Qt6Qml/QmlPlugins/Qt6qtquickcontrols2fusionstylepluginTargets.cmake",
		"C:/Qt/6.4.3/mingw_64/lib/cmake/Qt6Qml/QmlPlugins/Qt6qtquickcontrols2fusionstylepluginTargets-relwithdebinfo.cmake",
		"C:/Qt/6.4.3/mingw_64/lib/cmake/Qt6Qml/QmlPlugins/Qt6qtquickcontrols2fusionstylepluginAdditionalTargetInfo.cmake",
		"C:/Qt/6.4.3/mingw_64/lib/cmake/Qt6Qml/QmlPlugins/Qt6qtquickcontrols2imaginestyleimplpluginConfig.cmake",
		"C:/Qt/Tools/CMake_64/share/cmake-3.24/Modules/CMakeFindDependencyMacro.cmake",
		"C:/Qt/6.4.3/mingw_64/lib/cmake/Qt6Qml/QmlPlugins/Qt6qtquickcontrols2imaginestyleimplpluginTargets.cmake",
		"C:/Qt/6.4.3/mingw_64/lib/cmake/Qt6Qml/QmlPlugins/Qt6qtquickcontrols2imaginestyleimplpluginTargets-relwithdebinfo.cmake",
		"C:/Qt/6.4.3/mingw_64/lib/cmake/Qt6Qml/QmlPlugins/Qt6qtquickcontrols2imaginestyleimplpluginAdditionalTargetInfo.cmake",
		"C:/Qt/6.4.3/mingw_64/lib/cmake/Qt6Qml/QmlPlugins/Qt6qtquickcontrols2imaginestylepluginConfig.cmake",
		"C:/Qt/Tools/CMake_64/share/cmake-3.24/Modules/CMakeFindDependencyMacro.cmake",
		"C:/Qt/6.4.3/mingw_64/lib/cmake/Qt6Qml/QmlPlugins/Qt6qtquickcontrols2imaginestylepluginTargets.cmake",
		"C:/Qt/6.4.3/mingw_64/lib/cmake/Qt6Qml/QmlPlugins/Qt6qtquickcontrols2imaginestylepluginTargets-relwithdebinfo.cmake",
		"C:/Qt/6.4.3/mingw_64/lib/cmake/Qt6Qml/QmlPlugins/Qt6qtquickcontrols2imaginestylepluginAdditionalTargetInfo.cmake",
		"C:/Qt/6.4.3/mingw_64/lib/cmake/Qt6Qml/QmlPlugins/Qt6qtquickcontrols2implpluginConfig.cmake",
		"C:/Qt/Tools/CMake_64/share/cmake-3.24/Modules/CMakeFindDependencyMacro.cmake",
		"C:/Qt/6.4.3/mingw_64/lib/cmake/Qt6Qml/QmlPlugins/Qt6qtquickcontrols2implpluginTargets.cmake",
		"C:/Qt/6.4.3/mingw_64/lib/cmake/Qt6Qml/QmlPlugins/Qt6qtquickcontrols2implpluginTargets-relwithdebinfo.cmake",
		"C:/Qt/6.4.3/mingw_64/lib/cmake/Qt6Qml/QmlPlugins/Qt6qtquickcontrols2implpluginAdditionalTargetInfo.cmake",
		"C:/Qt/6.4.3/mingw_64/lib/cmake/Qt6Qml/QmlPlugins/Qt6qtquickcontrols2materialstyleimplpluginConfig.cmake",
		"C:/Qt/Tools/CMake_64/share/cmake-3.24/Modules/CMakeFindDependencyMacro.cmake",
		"C:/Qt/6.4.3/mingw_64/lib/cmake/Qt6Qml/QmlPlugins/Qt6qtquickcontrols2materialstyleimplpluginTargets.cmake",
		"C:/Qt/6.4.3/mingw_64/lib/cmake/Qt6Qml/QmlPlugins/Qt6qtquickcontrols2materialstyleimplpluginTargets-relwithdebinfo.cmake",
		"C:/Qt/6.4.3/mingw_64/lib/cmake/Qt6Qml/QmlPlugins/Qt6qtquickcontrols2materialstyleimplpluginAdditionalTargetInfo.cmake",
		"C:/Qt/6.4.3/mingw_64/lib/cmake/Qt6Qml/QmlPlugins/Qt6qtquickcontrols2materialstylepluginConfig.cmake",
		"C:/Qt/Tools/CMake_64/share/cmake-3.24/Modules/CMakeFindDependencyMacro.cmake",
		"C:/Qt/6.4.3/mingw_64/lib/cmake/Qt6Qml/QmlPlugins/Qt6qtquickcontrols2materialstylepluginTargets.cmake",
		"C:/Qt/6.4.3/mingw_64/lib/cmake/Qt6Qml/QmlPlugins/Qt6qtquickcontrols2materialstylepluginTargets-relwithdebinfo.cmake",
		"C:/Qt/6.4.3/mingw_64/lib/cmake/Qt6Qml/QmlPlugins/Qt6qtquickcontrols2materialstylepluginAdditionalTargetInfo.cmake",
		"C:/Qt/6.4.3/mingw_64/lib/cmake/Qt6Qml/QmlPlugins/Qt6qtquickcontrols2nativestylepluginConfig.cmake",
		"C:/Qt/Tools/CMake_64/share/cmake-3.24/Modules/CMakeFindDependencyMacro.cmake",
		"C:/Qt/6.4.3/mingw_64/lib/cmake/Qt6Qml/QmlPlugins/Qt6qtquickcontrols2nativestylepluginTargets.cmake",
		"C:/Qt/6.4.3/mingw_64/lib/cmake/Qt6Qml/QmlPlugins/Qt6qtquickcontrols2nativestylepluginTargets-relwithdebinfo.cmake",
		"C:/Qt/6.4.3/mingw_64/lib/cmake/Qt6Qml/QmlPlugins/Qt6qtquickcontrols2nativestylepluginAdditionalTargetInfo.cmake",
		"C:/Qt/6.4.3/mingw_64/lib/cmake/Qt6Qml/QmlPlugins/Qt6qtquickcontrols2pluginConfig.cmake",
		"C:/Qt/Tools/CMake_64/share/cmake-3.24/Modules/CMakeFindDependencyMacro.cmake",
		"C:/Qt/6.4.3/mingw_64/lib/cmake/Qt6Qml/QmlPlugins/Qt6qtquickcontrols2pluginTargets.cmake",
		"C:/Qt/6.4.3/mingw_64/lib/cmake/Qt6Qml/QmlPlugins/Qt6qtquickcontrols2pluginTargets-relwithdebinfo.cmake",
		"C:/Qt/6.4.3/mingw_64/lib/cmake/Qt6Qml/QmlPlugins/Qt6qtquickcontrols2pluginAdditionalTargetInfo.cmake",
		"C:/Qt/6.4.3/mingw_64/lib/cmake/Qt6Qml/QmlPlugins/Qt6qtquickcontrols2universalstyleimplpluginConfig.cmake",
		"C:/Qt/Tools/CMake_64/share/cmake-3.24/Modules/CMakeFindDependencyMacro.cmake",
		"C:/Qt/6.4.3/mingw_64/lib/cmake/Qt6Qml/QmlPlugins/Qt6qtquickcontrols2universalstyleimplpluginTargets.cmake",
		"C:/Qt/6.4.3/mingw_64/lib/cmake/Qt6Qml/QmlPlugins/Qt6qtquickcontrols2universalstyleimplpluginTargets-relwithdebinfo.cmake",
		"C:/Qt/6.4.3/mingw_64/lib/cmake/Qt6Qml/QmlPlugins/Qt6qtquickcontrols2universalstyleimplpluginAdditionalTargetInfo.cmake",
		"C:/Qt/6.4.3/mingw_64/lib/cmake/Qt6Qml/QmlPlugins/Qt6qtquickcontrols2universalstylepluginConfig.cmake",
		"C:/Qt/Tools/CMake_64/share/cmake-3.24/Modules/CMakeFindDependencyMacro.cmake",
		"C:/Qt/6.4.3/mingw_64/lib/cmake/Qt6Qml/QmlPlugins/Qt6qtquickcontrols2universalstylepluginTargets.cmake",
		"C:/Qt/6.4.3/mingw_64/lib/cmake/Qt6Qml/QmlPlugins/Qt6qtquickcontrols2universalstylepluginTargets-relwithdebinfo.cmake",
		"C:/Qt/6.4.3/mingw_64/lib/cmake/Qt6Qml/QmlPlugins/Qt6qtquickcontrols2universalstylepluginAdditionalTargetInfo.cmake",
		"C:/Qt/6.4.3/mingw_64/lib/cmake/Qt6Qml/QmlPlugins/Qt6qtquickcontrols2windowsstylepluginConfig.cmake",
		"C:/Qt/Tools/CMake_64/share/cmake-3.24/Modules/CMakeFindDependencyMacro.cmake",
		"C:/Qt/6.4.3/mingw_64/lib/cmake/Qt6Qml/QmlPlugins/Qt6qtquickcontrols2windowsstylepluginTargets.cmake",
		"C:/Qt/6.4.3/mingw_64/lib/cmake/Qt6Qml/QmlPlugins/Qt6qtquickcontrols2windowsstylepluginTargets-relwithdebinfo.cmake",
		"C:/Qt/6.4.3/mingw_64/lib/cmake/Qt6Qml/QmlPlugins/Qt6qtquickcontrols2windowsstylepluginAdditionalTargetInfo.cmake",
		"C:/Qt/6.4.3/mingw_64/lib/cmake/Qt6Qml/QmlPlugins/Qt6qtquickdialogs2quickimplpluginConfig.cmake",
		"C:/Qt/Tools/CMake_64/share/cmake-3.24/Modules/CMakeFindDependencyMacro.cmake",
		"C:/Qt/6.4.3/mingw_64/lib/cmake/Qt6Qml/QmlPlugins/Qt6qtquickdialogs2quickimplpluginTargets.cmake",
		"C:/Qt/6.4.3/mingw_64/lib/cmake/Qt6Qml/QmlPlugins/Qt6qtquickdialogs2quickimplpluginTargets-relwithdebinfo.cmake",
		"C:/Qt/6.4.3/mingw_64/lib/cmake/Qt6Qml/QmlPlugins/Qt6qtquickdialogs2quickimplpluginAdditionalTargetInfo.cmake",
		"C:/Qt/6.4.3/mingw_64/lib/cmake/Qt6Qml/QmlPlugins/Qt6qtquickdialogspluginConfig.cmake",
		"C:/Qt/Tools/CMake_64/share/cmake-3.24/Modules/CMakeFindDependencyMacro.cmake",
		"C:/Qt/6.4.3/mingw_64/lib/cmake/Qt6Qml/QmlPlugins/Qt6qtquickdialogspluginTargets.cmake",
		"C:/Qt/6.4.3/mingw_64/lib/cmake/Qt6Qml/QmlPlugins/Qt6qtquickdialogspluginTargets-relwithdebinfo.cmake",
		"C:/Qt/6.4.3/mingw_64/lib/cmake/Qt6Qml/QmlPlugins/Qt6qtquickdialogspluginAdditionalTargetInfo.cmake",
		"C:/Qt/6.4.3/mingw_64/lib/cmake/Qt6Qml/QmlPlugins/Qt6qtquicktemplates2pluginConfig.cmake",
		"C:/Qt/Tools/CMake_64/share/cmake-3.24/Modules/CMakeFindDependencyMacro.cmake",
		"C:/Qt/6.4.3/mingw_64/lib/cmake/Qt6Qml/QmlPlugins/Qt6qtquicktemplates2pluginTargets.cmake",
		"C:/Qt/6.4.3/mingw_64/lib/cmake/Qt6Qml/QmlPlugins/Qt6qtquicktemplates2pluginTargets-relwithdebinfo.cmake",
		"C:/Qt/6.4.3/mingw_64/lib/cmake/Qt6Qml/QmlPlugins/Qt6qtquicktemplates2pluginAdditionalTargetInfo.cmake",
		"C:/Qt/6.4.3/mingw_64/lib/cmake/Qt6Qml/QmlPlugins/Qt6qtquicktimelinepluginConfig.cmake",
		"C:/Qt/Tools/CMake_64/share/cmake-3.24/Modules/CMakeFindDependencyMacro.cmake",
		"C:/Qt/6.4.3/mingw_64/lib/cmake/Qt6Qml/QmlPlugins/Qt6qtquicktimelinepluginTargets.cmake",
		"C:/Qt/6.4.3/mingw_64/lib/cmake/Qt6Qml/QmlPlugins/Qt6qtquicktimelinepluginTargets-relwithdebinfo.cmake",
		"C:/Qt/6.4.3/mingw_64/lib/cmake/Qt6Qml/QmlPlugins/Qt6qtquicktimelinepluginAdditionalTargetInfo.cmake",
		"C:/Qt/6.4.3/mingw_64/lib/cmake/Qt6Qml/QmlPlugins/Qt6quicktoolingConfig.cmake",
		"C:/Qt/Tools/CMake_64/share/cmake-3.24/Modules/CMakeFindDependencyMacro.cmake",
		"C:/Qt/6.4.3/mingw_64/lib/cmake/Qt6Qml/QmlPlugins/Qt6quicktoolingTargets.cmake",
		"C:/Qt/6.4.3/mingw_64/lib/cmake/Qt6Qml/QmlPlugins/Qt6quicktoolingTargets-relwithdebinfo.cmake",
		"C:/Qt/6.4.3/mingw_64/lib/cmake/Qt6Qml/QmlPlugins/Qt6quicktoolingAdditionalTargetInfo.cmake",
		"C:/Qt/6.4.3/mingw_64/lib/cmake/Qt6Qml/QmlPlugins/Qt6quickwindowConfig.cmake",
		"C:/Qt/Tools/CMake_64/share/cmake-3.24/Modules/CMakeFindDependencyMacro.cmake",
		"C:/Qt/6.4.3/mingw_64/lib/cmake/Qt6Qml/QmlPlugins/Qt6quickwindowTargets.cmake",
		"C:/Qt/6.4.3/mingw_64/lib/cmake/Qt6Qml/QmlPlugins/Qt6quickwindowTargets-relwithdebinfo.cmake",
		"C:/Qt/6.4.3/mingw_64/lib/cmake/Qt6Qml/QmlPlugins/Qt6quickwindowAdditionalTargetInfo.cmake",
		"C:/Qt/6.4.3/mingw_64/lib/cmake/Qt6Qml/QmlPlugins/Qt6sharedimagepluginConfig.cmake",
		"C:/Qt/Tools/CMake_64/share/cmake-3.24/Modules/CMakeFindDependencyMacro.cmake",
		"C:/Qt/6.4.3/mingw_64/lib/cmake/Qt6Qml/QmlPlugins/Qt6sharedimagepluginTargets.cmake",
		"C:/Qt/6.4.3/mingw_64/lib/cmake/Qt6Qml/QmlPlugins/Qt6sharedimagepluginTargets-relwithdebinfo.cmake",
		"C:/Qt/6.4.3/mingw_64/lib/cmake/Qt6Qml/QmlPlugins/Qt6sharedimagepluginAdditionalTargetInfo.cmake",
		"C:/Qt/6.4.3/mingw_64/lib/cmake/Qt6Qml/QmlPlugins/Qt6webchannelConfig.cmake",
		"C:/Qt/Tools/CMake_64/share/cmake-3.24/Modules/CMakeFindDependencyMacro.cmake",
		"C:/Qt/6.4.3/mingw_64/lib/cmake/Qt6Qml/QmlPlugins/Qt6webchannelTargets.cmake",
		"C:/Qt/6.4.3/mingw_64/lib/cmake/Qt6Qml/QmlPlugins/Qt6webchannelTargets-relwithdebinfo.cmake",
		"C:/Qt/6.4.3/mingw_64/lib/cmake/Qt6Qml/QmlPlugins/Qt6webchannelAdditionalTargetInfo.cmake",
		"C:/Qt/6.4.3/mingw_64/lib/cmake/Qt6Qml/QmlPlugins/Qt6workerscriptpluginConfig.cmake",
		"C:/Qt/Tools/CMake_64/share/cmake-3.24/Modules/CMakeFindDependencyMacro.cmake",
		"C:/Qt/6.4.3/mingw_64/lib/cmake/Qt6Qml/QmlPlugins/Qt6workerscriptpluginTargets.cmake",
		"C:/Qt/6.4.3/mingw_64/lib/cmake/Qt6Qml/QmlPlugins/Qt6workerscriptpluginTargets-relwithdebinfo.cmake",
		"C:/Qt/6.4.3/mingw_64/lib/cmake/Qt6Qml/QmlPlugins/Qt6workerscriptpluginAdditionalTargetInfo.cmake",
		"C:/Qt/6.4.3/mingw_64/lib/cmake/Qt6Qml/QmlPlugins/Qt6QuickControlsTestUtilsPrivatepluginConfig.cmake",
		"C:/Qt/6.4.3/mingw_64/lib/cmake/Qt6Qml/QmlPlugins/Qt6QuickTestpluginConfig.cmake",
		"C:/Qt/6.4.3/mingw_64/lib/cmake/Qt6Qml/QmlPlugins/Qt6labsanimationpluginConfig.cmake",
		"C:/Qt/6.4.3/mingw_64/lib/cmake/Qt6Qml/QmlPlugins/Qt6labsmodelspluginConfig.cmake",
		"C:/Qt/6.4.3/mingw_64/lib/cmake/Qt6Qml/QmlPlugins/Qt6modelspluginConfig.cmake",
		"C:/Qt/6.4.3/mingw_64/lib/cmake/Qt6Qml/QmlPlugins/Qt6particlespluginConfig.cmake",
		"C:/Qt/6.4.3/mingw_64/lib/cmake/Qt6Qml/QmlPlugins/Qt6positioningquickpluginConfig.cmake",
		"C:/Qt/6.4.3/mingw_64/lib/cmake/Qt6Qml/QmlPlugins/Qt6qmlfolderlistmodelpluginConfig.cmake",
		"C:/Qt/6.4.3/mingw_64/lib/cmake/Qt6Qml/QmlPlugins/Qt6qmllocalstoragepluginConfig.cmake",
		"C:/Qt/6.4.3/mingw_64/lib/cmake/Qt6Qml/QmlPlugins/Qt6qmlpluginConfig.cmake",
		"C:/Qt/6.4.3/mingw_64/lib/cmake/Qt6Qml/QmlPlugins/Qt6qmlsettingspluginConfig.cmake",
		"C:/Qt/6.4.3/mingw_64/lib/cmake/Qt6Qml/QmlPlugins/Qt6qmlshapespluginConfig.cmake",
		"C:/Qt/6.4.3/mingw_64/lib/cmake/Qt6Qml/QmlPlugins/Qt6qmlwavefrontmeshpluginConfig.cmake",
		"C:/Qt/6.4.3/mingw_64/lib/cmake/Qt6Qml/QmlPlugins/Qt6qmlxmllistmodelpluginConfig.cmake",
		"C:/Qt/6.4.3/mingw_64/lib/cmake/Qt6Qml/QmlPlugins/Qt6qquick3dpluginConfig.cmake",
		"C:/Qt/6.4.3/mingw_64/lib/cmake/Qt6Qml/QmlPlugins/Qt6qquicklayoutspluginConfig.cmake",
		"C:/Qt/6.4.3/mingw_64/lib/cmake/Qt6Qml/QmlPlugins/Qt6qtchartsqml2Config.cmake",
		"C:/Qt/6.4.3/mingw_64/lib/cmake/Qt6Qml/QmlPlugins/Qt6qtgraphicaleffectspluginConfig.cmake",
		"C:/Qt/6.4.3/mingw_64/lib/cmake/Qt6Qml/QmlPlugins/Qt6qtgraphicaleffectsprivateConfig.cmake",
		"C:/Qt/6.4.3/mingw_64/lib/cmake/Qt6Qml/QmlPlugins/Qt6qtlabsplatformpluginConfig.cmake",
		"C:/Qt/6.4.3/mingw_64/lib/cmake/Qt6Qml/QmlPlugins/Qt6qtqmlcorepluginConfig.cmake",
		"C:/Qt/6.4.3/mingw_64/lib/cmake/Qt6Qml/QmlPlugins/Qt6qtquick2pluginConfig.cmake",
		"C:/Qt/6.4.3/mingw_64/lib/cmake/Qt6Qml/QmlPlugins/Qt6qtquick3dassetutilspluginConfig.cmake",
		"C:/Qt/6.4.3/mingw_64/lib/cmake/Qt6Qml/QmlPlugins/Qt6qtquick3deffectpluginConfig.cmake",
		"C:/Qt/6.4.3/mingw_64/lib/cmake/Qt6Qml/QmlPlugins/Qt6qtquick3dhelperspluginConfig.cmake",
		"C:/Qt/6.4.3/mingw_64/lib/cmake/Qt6Qml/QmlPlugins/Qt6qtquick3dparticleeffectspluginConfig.cmake",
		"C:/Qt/6.4.3/mingw_64/lib/cmake/Qt6Qml/QmlPlugins/Qt6qtquick3dparticles3dpluginConfig.cmake",
		"C:/Qt/6.4.3/mingw_64/lib/cmake/Qt6Qml/QmlPlugins/Qt6qtquickcontrols2basicstyleimplpluginConfig.cmake",
		"C:/Qt/6.4.3/mingw_64/lib/cmake/Qt6Qml/QmlPlugins/Qt6qtquickcontrols2basicstylepluginConfig.cmake",
		"C:/Qt/6.4.3/mingw_64/lib/cmake/Qt6Qml/QmlPlugins/Qt6qtquickcontrols2fusionstyleimplpluginConfig.cmake",
		"C:/Qt/6.4.3/mingw_64/lib/cmake/Qt6Qml/QmlPlugins/Qt6qtquickcontrols2fusionstylepluginConfig.cmake",
		"C:/Qt/6.4.3/mingw_64/lib/cmake/Qt6Qml/QmlPlugins/Qt6qtquickcontrols2imaginestyleimplpluginConfig.cmake",
		"C:/Qt/6.4.3/mingw_64/lib/cmake/Qt6Qml/QmlPlugins/Qt6qtquickcontrols2imaginestylepluginConfig.cmake",
		"C:/Qt/6.4.3/mingw_64/lib/cmake/Qt6Qml/QmlPlugins/Qt6qtquickcontrols2implpluginConfig.cmake",
		"C:/Qt/6.4.3/mingw_64/lib/cmake/Qt6Qml/QmlPlugins/Qt6qtquickcontrols2materialstyleimplpluginConfig.cmake",
		"C:/Qt/6.4.3/mingw_64/lib/cmake/Qt6Qml/QmlPlugins/Qt6qtquickcontrols2materialstylepluginConfig.cmake",
		"C:/Qt/6.4.3/mingw_64/lib/cmake/Qt6Qml/QmlPlugins/Qt6qtquickcontrols2nativestylepluginConfig.cmake",
		"C:/Qt/6.4.3/mingw_64/lib/cmake/Qt6Qml/QmlPlugins/Qt6qtquickcontrols2pluginConfig.cmake",
		"C:/Qt/6.4.3/mingw_64/lib/cmake/Qt6Qml/QmlPlugins/Qt6qtquickcontrols2universalstyleimplpluginConfig.cmake",
		"C:/Qt/6.4.3/mingw_64/lib/cmake/Qt6Qml/QmlPlugins/Qt6qtquickcontrols2universalstylepluginConfig.cmake",
		"C:/Qt/6.4.3/mingw_64/lib/cmake/Qt6Qml/QmlPlugins/Qt6qtquickcontrols2windowsstylepluginConfig.cmake",
		"C:/Qt/6.4.3/mingw_64/lib/cmake/Qt6Qml/QmlPlugins/Qt6qtquickdialogs2quickimplpluginConfig.cmake",
		"C:/Qt/6.4.3/mingw_64/lib/cmake/Qt6Qml/QmlPlugins/Qt6qtquickdialogspluginConfig.cmake",
		"C:/Qt/6.4.3/mingw_64/lib/cmake/Qt6Qml/QmlPlugins/Qt6qtquicktemplates2pluginConfig.cmake",
		"C:/Qt/6.4.3/mingw_64/lib/cmake/Qt6Qml/QmlPlugins/Qt6qtquicktimelinepluginConfig.cmake",
		"C:/Qt/6.4.3/mingw_64/lib/cmake/Qt6Qml/QmlPlugins/Qt6quicktoolingConfig.cmake",
		"C:/Qt/6.4.3/mingw_64/lib/cmake/Qt6Qml/QmlPlugins/Qt6quickwindowConfig.cmake",
		"C:/Qt/6.4.3/mingw_64/lib/cmake/Qt6Qml/QmlPlugins/Qt6sharedimagepluginConfig.cmake",
		"C:/Qt/6.4.3/mingw_64/lib/cmake/Qt6Qml/QmlPlugins/Qt6webchannelConfig.cmake",
		"C:/Qt/6.4.3/mingw_64/lib/cmake/Qt6Qml/QmlPlugins/Qt6workerscriptpluginConfig.cmake",
		"C:/Qt/6.4.3/mingw_64/lib/cmake/Qt6Qml/Qt6QDebugMessageServiceFactoryPluginConfig.cmake",
		"C:/Qt/Tools/CMake_64/share/cmake-3.24/Modules/CMakeFindDependencyMacro.cmake",
		"C:/Qt/6.4.3/mingw_64/lib/cmake/Qt6Qml/Qt6QDebugMessageServiceFactoryPluginTargets.cmake",
		"C:/Qt/6.4.3/mingw_64/lib/cmake/Qt6Qml/Qt6QDebugMessageServiceFactoryPluginTargets-relwithdebinfo.cmake",
		"C:/Qt/6.4.3/mingw_64/lib/cmake/Qt6Qml/Qt6QDebugMessageServiceFactoryPluginAdditionalTargetInfo.cmake",
		"C:/Qt/6.4.3/mingw_64/lib/cmake/Qt6Qml/Qt6QLocalClientConnectionFactoryPluginConfig.cmake",
		"C:/Qt/Tools/CMake_64/share/cmake-3.24/Modules/CMakeFindDependencyMacro.cmake",
		"C:/Qt/6.4.3/mingw_64/lib/cmake/Qt6Qml/Qt6QLocalClientConnectionFactoryPluginTargets.cmake",
		"C:/Qt/6.4.3/mingw_64/lib/cmake/Qt6Qml/Qt6QLocalClientConnectionFactoryPluginTargets-relwithdebinfo.cmake",
		"C:/Qt/6.4.3/mingw_64/lib/cmake/Qt6Qml/Qt6QLocalClientConnectionFactoryPluginAdditionalTargetInfo.cmake",
		"C:/Qt/6.4.3/mingw_64/lib/cmake/Qt6Qml/Qt6QQmlDebugServerFactoryPluginConfig.cmake",
		"C:/Qt/Tools/CMake_64/share/cmake-3.24/Modules/CMakeFindDependencyMacro.cmake",
		"C:/Qt/6.4.3/mingw_64/lib/cmake/Qt6Qml/Qt6QQmlDebugServerFactoryPluginTargets.cmake",
		"C:/Qt/6.4.3/mingw_64/lib/cmake/Qt6Qml/Qt6QQmlDebugServerFactoryPluginTargets-relwithdebinfo.cmake",
		"C:/Qt/6.4.3/mingw_64/lib/cmake/Qt6Qml/Qt6QQmlDebugServerFactoryPluginAdditionalTargetInfo.cmake",
		"C:/Qt/6.4.3/mingw_64/lib/cmake/Qt6Qml/Qt6QQmlDebuggerServiceFactoryPluginConfig.cmake",
		"C:/Qt/Tools/CMake_64/share/cmake-3.24/Modules/CMakeFindDependencyMacro.cmake",
		"C:/Qt/6.4.3/mingw_64/lib/cmake/Qt6Qml/Qt6QQmlDebuggerServiceFactoryPluginTargets.cmake",
		"C:/Qt/6.4.3/mingw_64/lib/cmake/Qt6Qml/Qt6QQmlDebuggerServiceFactoryPluginTargets-relwithdebinfo.cmake",
		"C:/Qt/6.4.3/mingw_64/lib/cmake/Qt6Qml/Qt6QQmlDebuggerServiceFactoryPluginAdditionalTargetInfo.cmake",
		"C:/Qt/6.4.3/mingw_64/lib/cmake/Qt6Qml/Qt6QQmlInspectorServiceFactoryPluginConfig.cmake",
		"C:/Qt/Tools/CMake_64/share/cmake-3.24/Modules/CMakeFindDependencyMacro.cmake",
		"C:/Qt/6.4.3/mingw_64/lib/cmake/Qt6Qml/Qt6QQmlInspectorServiceFactoryPluginTargets.cmake",
		"C:/Qt/6.4.3/mingw_64/lib/cmake/Qt6Qml/Qt6QQmlInspectorServiceFactoryPluginTargets-relwithdebinfo.cmake",
		"C:/Qt/6.4.3/mingw_64/lib/cmake/Qt6Qml/Qt6QQmlInspectorServiceFactoryPluginAdditionalTargetInfo.cmake",
		"C:/Qt/6.4.3/mingw_64/lib/cmake/Qt6Qml/Qt6QQmlNativeDebugConnectorFactoryPluginConfig.cmake",
		"C:/Qt/Tools/CMake_64/share/cmake-3.24/Modules/CMakeFindDependencyMacro.cmake",
		"C:/Qt/6.4.3/mingw_64/lib/cmake/Qt6Qml/Qt6QQmlNativeDebugConnectorFactoryPluginTargets.cmake",
		"C:/Qt/6.4.3/mingw_64/lib/cmake/Qt6Qml/Qt6QQmlNativeDebugConnectorFactoryPluginTargets-relwithdebinfo.cmake",
		"C:/Qt/6.4.3/mingw_64/lib/cmake/Qt6Qml/Qt6QQmlNativeDebugConnectorFactoryPluginAdditionalTargetInfo.cmake",
		"C:/Qt/6.4.3/mingw_64/lib/cmake/Qt6Qml/Qt6QQmlNativeDebugServiceFactoryPluginConfig.cmake",
		"C:/Qt/Tools/CMake_64/share/cmake-3.24/Modules/CMakeFindDependencyMacro.cmake",
		"C:/Qt/6.4.3/mingw_64/lib/cmake/Qt6Qml/Qt6QQmlNativeDebugServiceFactoryPluginTargets.cmake",
		"C:/Qt/6.4.3/mingw_64/lib/cmake/Qt6Qml/Qt6QQmlNativeDebugServiceFactoryPluginTargets-relwithdebinfo.cmake",
		"C:/Qt/6.4.3/mingw_64/lib/cmake/Qt6Qml/Qt6QQmlNativeDebugServiceFactoryPluginAdditionalTargetInfo.cmake",
		"C:/Qt/6.4.3/mingw_64/lib/cmake/Qt6Qml/Qt6QQmlPreviewServiceFactoryPluginConfig.cmake",
		"C:/Qt/Tools/CMake_64/share/cmake-3.24/Modules/CMakeFindDependencyMacro.cmake",
		"C:/Qt/6.4.3/mingw_64/lib/cmake/Qt6Qml/Qt6QQmlPreviewServiceFactoryPluginTargets.cmake",
		"C:/Qt/6.4.3/mingw_64/lib/cmake/Qt6Qml/Qt6QQmlPreviewServiceFactoryPluginTargets-relwithdebinfo.cmake",
		"C:/Qt/6.4.3/mingw_64/lib/cmake/Qt6Qml/Qt6QQmlPreviewServiceFactoryPluginAdditionalTargetInfo.cmake",
		"C:/Qt/6.4.3/mingw_64/lib/cmake/Qt6Qml/Qt6QQmlProfilerServiceFactoryPluginConfig.cmake",
		"C:/Qt/Tools/CMake_64/share/cmake-3.24/Modules/CMakeFindDependencyMacro.cmake",
		"C:/Qt/6.4.3/mingw_64/lib/cmake/Qt6Qml/Qt6QQmlProfilerServiceFactoryPluginTargets.cmake",
		"C:/Qt/6.4.3/mingw_64/lib/cmake/Qt6Qml/Qt6QQmlProfilerServiceFactoryPluginTargets-relwithdebinfo.cmake",
		"C:/Qt/6.4.3/mingw_64/lib/cmake/Qt6Qml/Qt6QQmlProfilerServiceFactoryPluginAdditionalTargetInfo.cmake",
		"C:/Qt/6.4.3/mingw_64/lib/cmake/Qt6Qml/Qt6QQuick3DProfilerAdapterFactoryPluginConfig.cmake",
		"C:/Qt/Tools/CMake_64/share/cmake-3.24/Modules/CMakeFindDependencyMacro.cmake",
		"C:/Qt/6.4.3/mingw_64/lib/cmake/Qt6Qml/Qt6QQuick3DProfilerAdapterFactoryPluginTargets.cmake",
		"C:/Qt/6.4.3/mingw_64/lib/cmake/Qt6Qml/Qt6QQuick3DProfilerAdapterFactoryPluginTargets-relwithdebinfo.cmake",
		"C:/Qt/6.4.3/mingw_64/lib/cmake/Qt6Qml/Qt6QQuick3DProfilerAdapterFactoryPluginAdditionalTargetInfo.cmake",
		"C:/Qt/6.4.3/mingw_64/lib/cmake/Qt6Qml/Qt6QQuickProfilerAdapterFactoryPluginConfig.cmake",
		"C:/Qt/Tools/CMake_64/share/cmake-3.24/Modules/CMakeFindDependencyMacro.cmake",
		"C:/Qt/6.4.3/mingw_64/lib/cmake/Qt6Qml/Qt6QQuickProfilerAdapterFactoryPluginTargets.cmake",
		"C:/Qt/6.4.3/mingw_64/lib/cmake/Qt6Qml/Qt6QQuickProfilerAdapterFactoryPluginTargets-relwithdebinfo.cmake",
		"C:/Qt/6.4.3/mingw_64/lib/cmake/Qt6Qml/Qt6QQuickProfilerAdapterFactoryPluginAdditionalTargetInfo.cmake",
		"C:/Qt/6.4.3/mingw_64/lib/cmake/Qt6Qml/Qt6QTcpServerConnectionFactoryPluginConfig.cmake",
		"C:/Qt/Tools/CMake_64/share/cmake-3.24/Modules/CMakeFindDependencyMacro.cmake",
		"C:/Qt/6.4.3/mingw_64/lib/cmake/Qt6Qml/Qt6QTcpServerConnectionFactoryPluginTargets.cmake",
		"C:/Qt/6.4.3/mingw_64/lib/cmake/Qt6Qml/Qt6QTcpServerConnectionFactoryPluginTargets-relwithdebinfo.cmake",
		"C:/Qt/6.4.3/mingw_64/lib/cmake/Qt6Qml/Qt6QTcpServerConnectionFactoryPluginAdditionalTargetInfo.cmake",
		"C:/Qt/6.4.3/mingw_64/lib/cmake/Qt6QmlModels/Qt6QmlModelsConfigVersion.cmake",
		"C:/Qt/6.4.3/mingw_64/lib/cmake/Qt6QmlModels/Qt6QmlModelsConfigVersionImpl.cmake",
		"C:/Qt/6.4.3/mingw_64/lib/cmake/Qt6QmlModels/Qt6QmlModelsConfig.cmake",
		"C:/Qt/Tools/CMake_64/share/cmake-3.24/Modules/CMakeFindDependencyMacro.cmake",
		"C:/Qt/6.4.3/mingw_64/lib/cmake/Qt6QmlModels/Qt6QmlModelsDependencies.cmake",
		"C:/Qt/6.4.3/mingw_64/lib/cmake/Qt6QmlModels/Qt6QmlModelsTargets.cmake",
		"C:/Qt/6.4.3/mingw_64/lib/cmake/Qt6QmlModels/Qt6QmlModelsTargets-relwithdebinfo.cmake",
		"C:/Qt/6.4.3/mingw_64/lib/cmake/Qt6QmlModels/Qt6QmlModelsAdditionalTargetInfo.cmake",
		"C:/Qt/6.4.3/mingw_64/lib/cmake/Qt6QmlModels/Qt6QmlModelsVersionlessTargets.cmake",
		"C:/Qt/6.4.3/mingw_64/lib/cmake/Qt6OpenGL/Qt6OpenGLConfigVersion.cmake",
		"C:/Qt/6.4.3/mingw_64/lib/cmake/Qt6OpenGL/Qt6OpenGLConfigVersionImpl.cmake",
		"C:/Qt/6.4.3/mingw_64/lib/cmake/Qt6OpenGL/Qt6OpenGLConfig.cmake",
		"C:/Qt/Tools/CMake_64/share/cmake-3.24/Modules/CMakeFindDependencyMacro.cmake",
		"C:/Qt/6.4.3/mingw_64/lib/cmake/Qt6OpenGL/Qt6OpenGLDependencies.cmake",
		"C:/Qt/6.4.3/mingw_64/lib/cmake/Qt6/FindWrapVulkanHeaders.cmake",
		"C:/Qt/Tools/CMake_64/share/cmake-3.24/Modules/FindVulkan.cmake",
		"C:/Qt/Tools/CMake_64/share/cmake-3.24/Modules/FindPackageHandleStandardArgs.cmake",
		"C:/Qt/Tools/CMake_64/share/cmake-3.24/Modules/FindPackageMessage.cmake",
		"C:/Qt/Tools/CMake_64/share/cmake-3.24/Modules/FindPackageHandleStandardArgs.cmake",
		"C:/Qt/Tools/CMake_64/share/cmake-3.24/Modules/FindPackageMessage.cmake",
		"C:/Qt/6.4.3/mingw_64/lib/cmake/Qt6OpenGL/Qt6OpenGLTargets.cmake",
		"C:/Qt/6.4.3/mingw_64/lib/cmake/Qt6OpenGL/Qt6OpenGLTargets-relwithdebinfo.cmake",
		"C:/Qt/6.4.3/mingw_64/lib/cmake/Qt6OpenGL/Qt6OpenGLAdditionalTargetInfo.cmake",
		"C:/Qt/6.4.3/mingw_64/lib/cmake/Qt6OpenGL/Qt6OpenGLVersionlessTargets.cmake",
		"C:/Qt/6.4.3/mingw_64/lib/cmake/Qt6Quick/Qt6QuickTargets.cmake",
		"C:/Qt/6.4.3/mingw_64/lib/cmake/Qt6Quick/Qt6QuickTargets-relwithdebinfo.cmake",
		"C:/Qt/6.4.3/mingw_64/lib/cmake/Qt6Quick/Qt6QuickAdditionalTargetInfo.cmake",
		"C:/Qt/6.4.3/mingw_64/lib/cmake/Qt6Quick/Qt6QuickVersionlessTargets.cmake",
		"C:/Qt/6.4.3/mingw_64/lib/cmake/Qt6/Qt6ConfigVersion.cmake",
		"C:/Qt/6.4.3/mingw_64/lib/cmake/Qt6/Qt6ConfigVersionImpl.cmake",
		"C:/Qt/6.4.3/mingw_64/lib/cmake/Qt6/Qt6Config.cmake",
		"C:/Qt/6.4.3/mingw_64/lib/cmake/Qt6/Qt6ConfigExtras.cmake",
		"C:/Qt/6.4.3/mingw_64/lib/cmake/Qt6/QtPublicCMakeVersionHelpers.cmake",
		"C:/Qt/6.4.3/mingw_64/lib/cmake/Qt6/Qt6Targets.cmake",
		"C:/Qt/6.4.3/mingw_64/lib/cmake/Qt6/Qt6VersionlessTargets.cmake",
		"C:/Qt/6.4.3/mingw_64/lib/cmake/Qt6/QtFeature.cmake",
		"C:/Qt/6.4.3/mingw_64/lib/cmake/Qt6/QtFeatureCommon.cmake",
		"C:/Qt/Tools/CMake_64/share/cmake-3.24/Modules/CheckCXXCompilerFlag.cmake",
		"C:/Qt/6.4.3/mingw_64/lib/cmake/Qt6/QtPublicAppleHelpers.cmake",
		"C:/Qt/6.4.3/mingw_64/lib/cmake/Qt6/QtPublicFinalizerHelpers.cmake",
		"C:/Qt/6.4.3/mingw_64/lib/cmake/Qt6/QtPublicPluginHelpers.cmake",
		"C:/Qt/6.4.3/mingw_64/lib/cmake/Qt6/QtPublicTargetHelpers.cmake",
		"C:/Qt/6.4.3/mingw_64/lib/cmake/Qt6/QtPublicWalkLibsHelpers.cmake",
		"C:/Qt/6.4.3/mingw_64/lib/cmake/Qt6/QtPublicFindPackageHelpers.cmake",
		"C:/Qt/6.4.3/mingw_64/lib/cmake/Qt6/QtPublicDependencyHelpers.cmake",
		"C:/Qt/6.4.3/mingw_64/lib/cmake/Qt6/QtPublicTestHelpers.cmake",
		"C:/Qt/6.4.3/mingw_64/lib/cmake/Qt6/QtPublicToolHelpers.cmake",
		"C:/Qt/6.4.3/mingw_64/lib/cmake/Qt6/QtPublicCMakeHelpers.cmake",
		"C:/Qt/Tools/CMake_64/share/cmake-3.24/Modules/CMakeFindDependencyMacro.cmake",
		"C:/Qt/6.4.3/mingw_64/lib/cmake/Qt6/Qt6Dependencies.cmake",
		"C:/Qt/Tools/CMake_64/share/cmake-3.24/Modules/FindThreads.cmake",
		"C:/Qt/Tools/CMake_64/share/cmake-3.24/Modules/CheckLibraryExists.cmake",
		"C:/Qt/Tools/CMake_64/share/cmake-3.24/Modules/CheckIncludeFileCXX.cmake",
		"C:/Qt/Tools/CMake_64/share/cmake-3.24/Modules/CheckCXXSourceCompiles.cmake",
		"C:/Qt/Tools/CMake_64/share/cmake-3.24/Modules/FindPackageHandleStandardArgs.cmake",
		"C:/Qt/Tools/CMake_64/share/cmake-3.24/Modules/FindPackageMessage.cmake",
		"C:/Qt/6.4.3/mingw_64/lib/cmake/Qt6QuickControls2/Qt6QuickControls2ConfigVersion.cmake",
		"C:/Qt/6.4.3/mingw_64/lib/cmake/Qt6QuickControls2/Qt6QuickControls2ConfigVersionImpl.cmake",
		"C:/Qt/6.4.3/mingw_64/lib/cmake/Qt6QuickControls2/Qt6QuickControls2Config.cmake",
		"C:/Qt/Tools/CMake_64/share/cmake-3.24/Modules/CMakeFindDependencyMacro.cmake",
		"C:/Qt/6.4.3/mingw_64/lib/cmake/Qt6QuickControls2/Qt6QuickControls2Dependencies.cmake",
		"C:/Qt/6.4.3/mingw_64/lib/cmake/Qt6QuickTemplates2/Qt6QuickTemplates2ConfigVersion.cmake",
		"C:/Qt/6.4.3/mingw_64/lib/cmake/Qt6QuickTemplates2/Qt6QuickTemplates2ConfigVersionImpl.cmake",
		"C:/Qt/6.4.3/mingw_64/lib/cmake/Qt6QuickTemplates2/Qt6QuickTemplates2Config.cmake",
		"C:/Qt/Tools/CMake_64/share/cmake-3.24/Modules/CMakeFindDependencyMacro.cmake",
		"C:/Qt/6.4.3/mingw_64/lib/cmake/Qt6QuickTemplates2/Qt6QuickTemplates2Dependencies.cmake",
		"C:/Qt/6.4.3/mingw_64/lib/cmake/Qt6QuickTemplates2/Qt6QuickTemplates2Targets.cmake",
		"C:/Qt/6.4.3/mingw_64/lib/cmake/Qt6QuickTemplates2/Qt6QuickTemplates2Targets-relwithdebinfo.cmake",
		"C:/Qt/6.4.3/mingw_64/lib/cmake/Qt6QuickTemplates2/Qt6QuickTemplates2AdditionalTargetInfo.cmake",
		"C:/Qt/6.4.3/mingw_64/lib/cmake/Qt6QuickTemplates2/Qt6QuickTemplates2VersionlessTargets.cmake",
		"C:/Qt/6.4.3/mingw_64/lib/cmake/Qt6QuickControls2/Qt6QuickControls2Targets.cmake",
		"C:/Qt/6.4.3/mingw_64/lib/cmake/Qt6QuickControls2/Qt6QuickControls2Targets-relwithdebinfo.cmake",
		"C:/Qt/6.4.3/mingw_64/lib/cmake/Qt6QuickControls2/Qt6QuickControls2AdditionalTargetInfo.cmake",
		"C:/Qt/6.4.3/mingw_64/lib/cmake/Qt6QuickControls2/Qt6QuickControls2VersionlessTargets.cmake",
		"C:/Qt/6.4.3/mingw_64/lib/cmake/Qt6/Qt6ConfigVersion.cmake",
		"C:/Qt/6.4.3/mingw_64/lib/cmake/Qt6/Qt6ConfigVersionImpl.cmake",
		"C:/Qt/6.4.3/mingw_64/lib/cmake/Qt6/Qt6Config.cmake",
		"C:/Qt/6.4.3/mingw_64/lib/cmake/Qt6/Qt6ConfigExtras.cmake",
		"C:/Qt/6.4.3/mingw_64/lib/cmake/Qt6/QtPublicCMakeVersionHelpers.cmake",
		"C:/Qt/6.4.3/mingw_64/lib/cmake/Qt6/Qt6Targets.cmake",
		"C:/Qt/6.4.3/mingw_64/lib/cmake/Qt6/Qt6VersionlessTargets.cmake",
		"C:/Qt/6.4.3/mingw_64/lib/cmake/Qt6/QtFeature.cmake",
		"C:/Qt/6.4.3/mingw_64/lib/cmake/Qt6/QtFeatureCommon.cmake",
		"C:/Qt/Tools/CMake_64/share/cmake-3.24/Modules/CheckCXXCompilerFlag.cmake",
		"C:/Qt/6.4.3/mingw_64/lib/cmake/Qt6/QtPublicAppleHelpers.cmake",
		"C:/Qt/6.4.3/mingw_64/lib/cmake/Qt6/QtPublicFinalizerHelpers.cmake",
		"C:/Qt/6.4.3/mingw_64/lib/cmake/Qt6/QtPublicPluginHelpers.cmake",
		"C:/Qt/6.4.3/mingw_64/lib/cmake/Qt6/QtPublicTargetHelpers.cmake",
		"C:/Qt/6.4.3/mingw_64/lib/cmake/Qt6/QtPublicWalkLibsHelpers.cmake",
		"C:/Qt/6.4.3/mingw_64/lib/cmake/Qt6/QtPublicFindPackageHelpers.cmake",
		"C:/Qt/6.4.3/mingw_64/lib/cmake/Qt6/QtPublicDependencyHelpers.cmake",
		"C:/Qt/6.4.3/mingw_64/lib/cmake/Qt6/QtPublicTestHelpers.cmake",
		"C:/Qt/6.4.3/mingw_64/lib/cmake/Qt6/QtPublicToolHelpers.cmake",
		"C:/Qt/6.4.3/mingw_64/lib/cmake/Qt6/QtPublicCMakeHelpers.cmake",
		"C:/Qt/Tools/CMake_64/share/cmake-3.24/Modules/CMakeFindDependencyMacro.cmake",
		"C:/Qt/6.4.3/mingw_64/lib/cmake/Qt6/Qt6Dependencies.cmake",
		"C:/Qt/Tools/CMake_64/share/cmake-3.24/Modules/FindThreads.cmake",
		"C:/Qt/Tools/CMake_64/share/cmake-3.24/Modules/CheckLibraryExists.cmake",
		"C:/Qt/Tools/CMake_64/share/cmake-3.24/Modules/CheckIncludeFileCXX.cmake",
		"C:/Qt/Tools/CMake_64/share/cmake-3.24/Modules/CheckCXXSourceCompiles.cmake",
		"C:/Qt/Tools/CMake_64/share/cmake-3.24/Modules/FindPackageHandleStandardArgs.cmake",
		"C:/Qt/Tools/CMake_64/share/cmake-3.24/Modules/FindPackageMessage.cmake",
		"C:/Qt/6.4.3/mingw_64/lib/cmake/Qt6Sql/Qt6SqlConfigVersion.cmake",
		"C:/Qt/6.4.3/mingw_64/lib/cmake/Qt6Sql/Qt6SqlConfigVersionImpl.cmake",
		"C:/Qt/6.4.3/mingw_64/lib/cmake/Qt6Sql/Qt6SqlConfig.cmake",
		"C:/Qt/Tools/CMake_64/share/cmake-3.24/Modules/CMakeFindDependencyMacro.cmake",
		"C:/Qt/6.4.3/mingw_64/lib/cmake/Qt6Sql/Qt6SqlDependencies.cmake",
		"C:/Qt/6.4.3/mingw_64/lib/cmake/Qt6Sql/Qt6SqlTargets.cmake",
		"C:/Qt/6.4.3/mingw_64/lib/cmake/Qt6Sql/Qt6SqlTargets-relwithdebinfo.cmake",
		"C:/Qt/6.4.3/mingw_64/lib/cmake/Qt6Sql/Qt6SqlAdditionalTargetInfo.cmake",
		"C:/Qt/6.4.3/mingw_64/lib/cmake/Qt6Sql/Qt6SqlVersionlessTargets.cmake",
		"C:/Qt/6.4.3/mingw_64/lib/cmake/Qt6Sql/Qt6SqlPlugins.cmake",
		"C:/Qt/6.4.3/mingw_64/lib/cmake/Qt6Sql/Qt6QODBCDriverPluginConfig.cmake",
		"C:/Qt/Tools/CMake_64/share/cmake-3.24/Modules/CMakeFindDependencyMacro.cmake",
		"C:/Qt/6.4.3/mingw_64/lib/cmake/Qt6Sql/Qt6QODBCDriverPluginTargets.cmake",
		"C:/Qt/6.4.3/mingw_64/lib/cmake/Qt6Sql/Qt6QODBCDriverPluginTargets-relwithdebinfo.cmake",
		"C:/Qt/6.4.3/mingw_64/lib/cmake/Qt6Sql/Qt6QODBCDriverPluginAdditionalTargetInfo.cmake",
		"C:/Qt/6.4.3/mingw_64/lib/cmake/Qt6Sql/Qt6QPSQLDriverPluginConfig.cmake",
		"C:/Qt/Tools/CMake_64/share/cmake-3.24/Modules/CMakeFindDependencyMacro.cmake",
		"C:/Qt/6.4.3/mingw_64/lib/cmake/Qt6Sql/Qt6QPSQLDriverPluginTargets.cmake",
		"C:/Qt/6.4.3/mingw_64/lib/cmake/Qt6Sql/Qt6QPSQLDriverPluginTargets-relwithdebinfo.cmake",
		"C:/Qt/6.4.3/mingw_64/lib/cmake/Qt6Sql/Qt6QPSQLDriverPluginAdditionalTargetInfo.cmake",
		"C:/Qt/6.4.3/mingw_64/lib/cmake/Qt6Sql/Qt6QSQLiteDriverPluginConfig.cmake",
		"C:/Qt/Tools/CMake_64/share/cmake-3.24/Modules/CMakeFindDependencyMacro.cmake",
		"C:/Qt/6.4.3/mingw_64/lib/cmake/Qt6Sql/Qt6QSQLiteDriverPluginTargets.cmake",
		"C:/Qt/6.4.3/mingw_64/lib/cmake/Qt6Sql/Qt6QSQLiteDriverPluginTargets-relwithdebinfo.cmake",
		"C:/Qt/6.4.3/mingw_64/lib/cmake/Qt6Sql/Qt6QSQLiteDriverPluginAdditionalTargetInfo.cmake",
		"C:/Qt/Tools/CMake_64/share/cmake-3.24/Modules/GNUInstallDirs.cmake",
		"C:/Qt/6.4.3/mingw_64/lib/cmake/Qt6Core/Qt6CoreConfigureFileTemplate.in",
		"C:/Qt/6.4.3/mingw_64/lib/cmake/Qt6Core/Qt6CoreConfigureFileTemplate.in",
		"C:/Qt/6.4.3/mingw_64/lib/cmake/Qt6Qml/Qt6qmldirTemplate.cmake.in"
	],
	"CMAKE_SOURCE_DIR" : "C:/Users/cindy/Documents/GitHub/COMTRAC/src/comtrac",
	"DEP_FILE" : "C:/Users/cindy/Documents/GitHub/COMTRAC/src/build-comtrac-Desktop_Qt_6_4_3_MinGW_64_bit-Release/appcomtrac_autogen/deps",
	"DEP_FILE_RULE_NAME" : "appcomtrac_autogen/timestamp",
	"HEADERS" : 
	[
		[
			"C:/Users/cindy/Documents/GitHub/COMTRAC/src/comtrac/Models/dbmanager.h",
			"MU",
			"25IR5XJDBU/moc_dbmanager.cpp",
			null
		],
		[
			"C:/Users/cindy/Documents/GitHub/COMTRAC/src/comtrac/Models/intaketime.h",
			"MU",
			"25IR5XJDBU/moc_intaketime.cpp",
			null
		],
		[
			"C:/Users/cindy/Documents/GitHub/COMTRAC/src/comtrac/Models/medication.h",
			"MU",
			"25IR5XJDBU/moc_medication.cpp",
			null
		],
		[
			"C:/Users/cindy/Documents/GitHub/COMTRAC/src/comtrac/Models/medicationmodel.h",
			"MU",
			"25IR5XJDBU/moc_medicationmodel.cpp",
			null
		],
		[
			"C:/Users/cindy/Documents/GitHub/COMTRAC/src/comtrac/Models/message.h",
			"MU",
			"25IR5XJDBU/moc_message.cpp",
			null
		],
		[
			"C:/Users/cindy/Documents/GitHub/COMTRAC/src/comtrac/Models/messagemodel.h",
			"MU",
			"25IR5XJDBU/moc_messagemodel.cpp",
			null
		],
		[
			"C:/Users/cindy/Documents/GitHub/COMTRAC/src/comtrac/Models/symptom.h",
			"MU",
			"25IR5XJDBU/moc_symptom.cpp",
			null
		],
		[
			"C:/Users/cindy/Documents/GitHub/COMTRAC/src/comtrac/Models/symptommodel.h",
			"MU",
			"25IR5XJDBU/moc_symptommodel.cpp",
			null
		],
		[
			"C:/Users/cindy/Documents/GitHub/COMTRAC/src/comtrac/Models/user.h",
			"MU",
			"25IR5XJDBU/moc_user.cpp",
			null
		]
	],
	"HEADER_EXTENSIONS" : [ "h", "hh", "h++", "hm", "hpp", "hxx", "in", "txx" ],
	"INCLUDE_DIR" : "C:/Users/cindy/Documents/GitHub/COMTRAC/src/build-comtrac-Desktop_Qt_6_4_3_MinGW_64_bit-Release/appcomtrac_autogen/include",
	"MOC_COMPILATION_FILE" : "C:/Users/cindy/Documents/GitHub/COMTRAC/src/build-comtrac-Desktop_Qt_6_4_3_MinGW_64_bit-Release/appcomtrac_autogen/mocs_compilation.cpp",
	"MOC_DEFINITIONS" : 
	[
		"MINGW_HAS_SECURE_API=1",
		"QT_CORE_LIB",
		"QT_GUI_LIB",
		"QT_NEEDS_QMAIN",
		"QT_NETWORK_LIB",
		"QT_NO_DEBUG",
		"QT_OPENGL_LIB",
		"QT_QMLINTEGRATION_LIB",
		"QT_QMLMODELS_LIB",
		"QT_QML_DEBUG",
		"QT_QML_LIB",
		"QT_QUICKCONTROLS2_LIB",
		"QT_QUICK_LIB",
		"QT_SQL_LIB",
		"UNICODE",
		"WIN32",
		"WIN64",
		"_ENABLE_EXTENDED_ALIGNED_STORAGE",
		"_UNICODE",
		"_WIN64"
	],
	"MOC_DEPEND_FILTERS" : 
	[
		[
			"Q_PLUGIN_METADATA",
			"[\n][ \t]*Q_PLUGIN_METADATA[ \t]*\\([^\\)]*FILE[ \t]*\"([^\"]+)\""
		]
	],
	"MOC_INCLUDES" : 
	[
		"C:/Users/cindy/Documents/GitHub/COMTRAC/src/comtrac",
		"C:/Qt/6.4.3/mingw_64/include/QtQml/6.4.3",
		"C:/Qt/6.4.3/mingw_64/include/QtQml/6.4.3/QtQml",
		"C:/Qt/6.4.3/mingw_64/include/QtCore/6.4.3",
		"C:/Qt/6.4.3/mingw_64/include/QtCore/6.4.3/QtCore",
		"C:/Qt/6.4.3/mingw_64/include/QtCore",
		"C:/Qt/6.4.3/mingw_64/include",
		"C:/Qt/6.4.3/mingw_64/mkspecs/win32-g++",
		"C:/Qt/6.4.3/mingw_64/include/QtQml",
		"C:/Qt/6.4.3/mingw_64/include/QtQmlIntegration",
		"C:/Qt/6.4.3/mingw_64/include/QtNetwork",
		"C:/Qt/6.4.3/mingw_64/include/QtQuick",
		"C:/Qt/6.4.3/mingw_64/include/QtGui",
		"C:/Qt/6.4.3/mingw_64/include/QtQmlModels",
		"C:/Qt/6.4.3/mingw_64/include/QtOpenGL",
		"C:/Qt/6.4.3/mingw_64/include/QtSql",
		"C:/Qt/6.4.3/mingw_64/include/QtQuickControls2",
		"C:/Qt/Tools/mingw1120_64/lib/gcc/x86_64-w64-mingw32/11.2.0/include/c++",
		"C:/Qt/Tools/mingw1120_64/lib/gcc/x86_64-w64-mingw32/11.2.0/include/c++/x86_64-w64-mingw32",
		"C:/Qt/Tools/mingw1120_64/lib/gcc/x86_64-w64-mingw32/11.2.0/include/c++/backward",
		"C:/Qt/Tools/mingw1120_64/lib/gcc/x86_64-w64-mingw32/11.2.0/include",
		"C:/Qt/Tools/mingw1120_64/lib/gcc/x86_64-w64-mingw32/11.2.0/include-fixed",
		"C:/Qt/Tools/mingw1120_64/x86_64-w64-mingw32/include"
	],
	"MOC_MACRO_NAMES" : 
	[
		"Q_OBJECT",
		"Q_GADGET",
		"Q_GADGET_EXPORT",
		"Q_NAMESPACE",
		"Q_NAMESPACE_EXPORT"
	],
	"MOC_OPTIONS" : [ "--output-json" ],
	"MOC_PATH_PREFIX" : false,
	"MOC_PREDEFS_CMD" : 
	[
		"C:/Qt/Tools/mingw1120_64/bin/g++.exe",
		"-dM",
		"-E",
		"-c",
		"C:/Qt/Tools/CMake_64/share/cmake-3.24/Modules/CMakeCXXCompilerABI.cpp"
	],
	"MOC_PREDEFS_FILE" : "C:/Users/cindy/Documents/GitHub/COMTRAC/src/build-comtrac-Desktop_Qt_6_4_3_MinGW_64_bit-Release/appcomtrac_autogen/moc_predefs.h",
	"MOC_RELAXED_MODE" : false,
	"MOC_SKIP" : 
	[
		"C:/Users/cindy/Documents/GitHub/COMTRAC/src/build-comtrac-Desktop_Qt_6_4_3_MinGW_64_bit-Release/.rcc/qmlcache/appcomtrac_Ui/Chat_qml.cpp",
		"C:/Users/cindy/Documents/GitHub/COMTRAC/src/build-comtrac-Desktop_Qt_6_4_3_MinGW_64_bit-Release/.rcc/qmlcache/appcomtrac_Ui/Components/Background_qml.cpp",
		"C:/Users/cindy/Documents/GitHub/COMTRAC/src/build-comtrac-Desktop_Qt_6_4_3_MinGW_64_bit-Release/.rcc/qmlcache/appcomtrac_Ui/Components/ButtonTemplate_qml.cpp",
		"C:/Users/cindy/Documents/GitHub/COMTRAC/src/build-comtrac-Desktop_Qt_6_4_3_MinGW_64_bit-Release/.rcc/qmlcache/appcomtrac_Ui/Components/CalendarTemplate_qml.cpp",
		"C:/Users/cindy/Documents/GitHub/COMTRAC/src/build-comtrac-Desktop_Qt_6_4_3_MinGW_64_bit-Release/.rcc/qmlcache/appcomtrac_Ui/Components/CalendarWeeksTemplate_qml.cpp",
		"C:/Users/cindy/Documents/GitHub/COMTRAC/src/build-comtrac-Desktop_Qt_6_4_3_MinGW_64_bit-Release/.rcc/qmlcache/appcomtrac_Ui/Components/ChatInput_qml.cpp",
		"C:/Users/cindy/Documents/GitHub/COMTRAC/src/build-comtrac-Desktop_Qt_6_4_3_MinGW_64_bit-Release/.rcc/qmlcache/appcomtrac_Ui/Components/CheckBoxTemplate_qml.cpp",
		"C:/Users/cindy/Documents/GitHub/COMTRAC/src/build-comtrac-Desktop_Qt_6_4_3_MinGW_64_bit-Release/.rcc/qmlcache/appcomtrac_Ui/Components/ComboBoxTemplate_qml.cpp",
		"C:/Users/cindy/Documents/GitHub/COMTRAC/src/build-comtrac-Desktop_Qt_6_4_3_MinGW_64_bit-Release/.rcc/qmlcache/appcomtrac_Ui/Components/DialogTemplate_qml.cpp",
		"C:/Users/cindy/Documents/GitHub/COMTRAC/src/build-comtrac-Desktop_Qt_6_4_3_MinGW_64_bit-Release/.rcc/qmlcache/appcomtrac_Ui/Components/EditSymptomDelegate_qml.cpp",
		"C:/Users/cindy/Documents/GitHub/COMTRAC/src/build-comtrac-Desktop_Qt_6_4_3_MinGW_64_bit-Release/.rcc/qmlcache/appcomtrac_Ui/Components/HeaderTemplate_qml.cpp",
		"C:/Users/cindy/Documents/GitHub/COMTRAC/src/build-comtrac-Desktop_Qt_6_4_3_MinGW_64_bit-Release/.rcc/qmlcache/appcomtrac_Ui/Components/IconButton_qml.cpp",
		"C:/Users/cindy/Documents/GitHub/COMTRAC/src/build-comtrac-Desktop_Qt_6_4_3_MinGW_64_bit-Release/.rcc/qmlcache/appcomtrac_Ui/Components/IntakeDelegate_qml.cpp",
		"C:/Users/cindy/Documents/GitHub/COMTRAC/src/build-comtrac-Desktop_Qt_6_4_3_MinGW_64_bit-Release/.rcc/qmlcache/appcomtrac_Ui/Components/IntakeTimeList_qml.cpp",
		"C:/Users/cindy/Documents/GitHub/COMTRAC/src/build-comtrac-Desktop_Qt_6_4_3_MinGW_64_bit-Release/.rcc/qmlcache/appcomtrac_Ui/Components/MedicationDelegate_qml.cpp",
		"C:/Users/cindy/Documents/GitHub/COMTRAC/src/build-comtrac-Desktop_Qt_6_4_3_MinGW_64_bit-Release/.rcc/qmlcache/appcomtrac_Ui/Components/MessageDelegate_qml.cpp",
		"C:/Users/cindy/Documents/GitHub/COMTRAC/src/build-comtrac-Desktop_Qt_6_4_3_MinGW_64_bit-Release/.rcc/qmlcache/appcomtrac_Ui/Components/MonthGridDelegate_qml.cpp",
		"C:/Users/cindy/Documents/GitHub/COMTRAC/src/build-comtrac-Desktop_Qt_6_4_3_MinGW_64_bit-Release/.rcc/qmlcache/appcomtrac_Ui/Components/RadioButtonTemplate_qml.cpp",
		"C:/Users/cindy/Documents/GitHub/COMTRAC/src/build-comtrac-Desktop_Qt_6_4_3_MinGW_64_bit-Release/.rcc/qmlcache/appcomtrac_Ui/Components/RoundButtonTemplate_qml.cpp",
		"C:/Users/cindy/Documents/GitHub/COMTRAC/src/build-comtrac-Desktop_Qt_6_4_3_MinGW_64_bit-Release/.rcc/qmlcache/appcomtrac_Ui/Components/ScrollBarTemplate_qml.cpp",
		"C:/Users/cindy/Documents/GitHub/COMTRAC/src/build-comtrac-Desktop_Qt_6_4_3_MinGW_64_bit-Release/.rcc/qmlcache/appcomtrac_Ui/Components/SearchTemplate_qml.cpp",
		"C:/Users/cindy/Documents/GitHub/COMTRAC/src/build-comtrac-Desktop_Qt_6_4_3_MinGW_64_bit-Release/.rcc/qmlcache/appcomtrac_Ui/Components/SideMenu_qml.cpp",
		"C:/Users/cindy/Documents/GitHub/COMTRAC/src/build-comtrac-Desktop_Qt_6_4_3_MinGW_64_bit-Release/.rcc/qmlcache/appcomtrac_Ui/Components/SliderTemplate_qml.cpp",
		"C:/Users/cindy/Documents/GitHub/COMTRAC/src/build-comtrac-Desktop_Qt_6_4_3_MinGW_64_bit-Release/.rcc/qmlcache/appcomtrac_Ui/Components/StackViewPage_qml.cpp",
		"C:/Users/cindy/Documents/GitHub/COMTRAC/src/build-comtrac-Desktop_Qt_6_4_3_MinGW_64_bit-Release/.rcc/qmlcache/appcomtrac_Ui/Components/SwitchTemplate_qml.cpp",
		"C:/Users/cindy/Documents/GitHub/COMTRAC/src/build-comtrac-Desktop_Qt_6_4_3_MinGW_64_bit-Release/.rcc/qmlcache/appcomtrac_Ui/Components/SymptomDelegate_qml.cpp",
		"C:/Users/cindy/Documents/GitHub/COMTRAC/src/build-comtrac-Desktop_Qt_6_4_3_MinGW_64_bit-Release/.rcc/qmlcache/appcomtrac_Ui/Components/SymptomList_qml.cpp",
		"C:/Users/cindy/Documents/GitHub/COMTRAC/src/build-comtrac-Desktop_Qt_6_4_3_MinGW_64_bit-Release/.rcc/qmlcache/appcomtrac_Ui/Components/TextFieldTemplate_qml.cpp",
		"C:/Users/cindy/Documents/GitHub/COMTRAC/src/build-comtrac-Desktop_Qt_6_4_3_MinGW_64_bit-Release/.rcc/qmlcache/appcomtrac_Ui/Components/TextTemplate_qml.cpp",
		"C:/Users/cindy/Documents/GitHub/COMTRAC/src/build-comtrac-Desktop_Qt_6_4_3_MinGW_64_bit-Release/.rcc/qmlcache/appcomtrac_Ui/Components/TimePickerTemplate_qml.cpp",
		"C:/Users/cindy/Documents/GitHub/COMTRAC/src/build-comtrac-Desktop_Qt_6_4_3_MinGW_64_bit-Release/.rcc/qmlcache/appcomtrac_Ui/EditSymptom_qml.cpp",
		"C:/Users/cindy/Documents/GitHub/COMTRAC/src/build-comtrac-Desktop_Qt_6_4_3_MinGW_64_bit-Release/.rcc/qmlcache/appcomtrac_Ui/HomeScreen_qml.cpp",
		"C:/Users/cindy/Documents/GitHub/COMTRAC/src/build-comtrac-Desktop_Qt_6_4_3_MinGW_64_bit-Release/.rcc/qmlcache/appcomtrac_Ui/Login_qml.cpp",
		"C:/Users/cindy/Documents/GitHub/COMTRAC/src/build-comtrac-Desktop_Qt_6_4_3_MinGW_64_bit-Release/.rcc/qmlcache/appcomtrac_Ui/Main_qml.cpp",
		"C:/Users/cindy/Documents/GitHub/COMTRAC/src/build-comtrac-Desktop_Qt_6_4_3_MinGW_64_bit-Release/.rcc/qmlcache/appcomtrac_Ui/MedicationPlan_qml.cpp",
		"C:/Users/cindy/Documents/GitHub/COMTRAC/src/build-comtrac-Desktop_Qt_6_4_3_MinGW_64_bit-Release/.rcc/qmlcache/appcomtrac_Ui/Medication_qml.cpp",
		"C:/Users/cindy/Documents/GitHub/COMTRAC/src/build-comtrac-Desktop_Qt_6_4_3_MinGW_64_bit-Release/.rcc/qmlcache/appcomtrac_Ui/SymptomDiary_qml.cpp",
		"C:/Users/cindy/Documents/GitHub/COMTRAC/src/build-comtrac-Desktop_Qt_6_4_3_MinGW_64_bit-Release/.rcc/qmlcache/appcomtrac_Ui/SymptomHistory_qml.cpp",
		"C:/Users/cindy/Documents/GitHub/COMTRAC/src/build-comtrac-Desktop_Qt_6_4_3_MinGW_64_bit-Release/.rcc/qmlcache/appcomtrac_Ui/VideoTelephony_qml.cpp",
		"C:/Users/cindy/Documents/GitHub/COMTRAC/src/build-comtrac-Desktop_Qt_6_4_3_MinGW_64_bit-Release/.rcc/qmlcache/appcomtrac_Ui/VirtualAppointment_qml.cpp",
		"C:/Users/cindy/Documents/GitHub/COMTRAC/src/build-comtrac-Desktop_Qt_6_4_3_MinGW_64_bit-Release/.rcc/qmlcache/appcomtrac_Ui/WaitingRoom_qml.cpp",
		"C:/Users/cindy/Documents/GitHub/COMTRAC/src/build-comtrac-Desktop_Qt_6_4_3_MinGW_64_bit-Release/.rcc/qmlcache/appcomtrac_Ui/WeeklyHistory_qml.cpp",
		"C:/Users/cindy/Documents/GitHub/COMTRAC/src/build-comtrac-Desktop_Qt_6_4_3_MinGW_64_bit-Release/.rcc/qmlcache/appcomtrac_Ui/editMedication_qml.cpp",
		"C:/Users/cindy/Documents/GitHub/COMTRAC/src/build-comtrac-Desktop_Qt_6_4_3_MinGW_64_bit-Release/.rcc/qmlcache/appcomtrac_Ui/findMedication_qml.cpp",
		"C:/Users/cindy/Documents/GitHub/COMTRAC/src/build-comtrac-Desktop_Qt_6_4_3_MinGW_64_bit-Release/.rcc/qmlcache/appcomtrac_Ui/findSymptom_qml.cpp",
		"C:/Users/cindy/Documents/GitHub/COMTRAC/src/build-comtrac-Desktop_Qt_6_4_3_MinGW_64_bit-Release/.rcc/qmlcache/appcomtrac_Ui/singleSymptomHistory_qml.cpp",
		"C:/Users/cindy/Documents/GitHub/COMTRAC/src/build-comtrac-Desktop_Qt_6_4_3_MinGW_64_bit-Release/.rcc/qrc_appcomtrac_raw_qml_0.cpp",
		"C:/Users/cindy/Documents/GitHub/COMTRAC/src/build-comtrac-Desktop_Qt_6_4_3_MinGW_64_bit-Release/.rcc/qrc_qmake_comtrac.cpp",
		"C:/Users/cindy/Documents/GitHub/COMTRAC/src/build-comtrac-Desktop_Qt_6_4_3_MinGW_64_bit-Release/appcomtrac_qmltyperegistrations.cpp"
	],
	"MULTI_CONFIG" : false,
	"PARALLEL" : 4,
	"PARSE_CACHE_FILE" : "C:/Users/cindy/Documents/GitHub/COMTRAC/src/build-comtrac-Desktop_Qt_6_4_3_MinGW_64_bit-Release/CMakeFiles/appcomtrac_autogen.dir/ParseCache.txt",
	"QT_MOC_EXECUTABLE" : "C:/Qt/6.4.3/mingw_64/./bin/moc.exe",
	"QT_UIC_EXECUTABLE" : "",
	"QT_VERSION_MAJOR" : 6,
	"QT_VERSION_MINOR" : 4,
	"SETTINGS_FILE" : "C:/Users/cindy/Documents/GitHub/COMTRAC/src/build-comtrac-Desktop_Qt_6_4_3_MinGW_64_bit-Release/CMakeFiles/appcomtrac_autogen.dir/AutogenUsed.txt",
	"SOURCES" : 
	[
		[
			"C:/Users/cindy/Documents/GitHub/COMTRAC/src/build-comtrac-Desktop_Qt_6_4_3_MinGW_64_bit-Release/.rcc/qmlcache/appcomtrac_qmlcache_loader.cpp",
			"MU",
			null
		],
		[
			"C:/Users/cindy/Documents/GitHub/COMTRAC/src/comtrac/Models/dbmanager.cpp",
			"MU",
			null
		],
		[
			"C:/Users/cindy/Documents/GitHub/COMTRAC/src/comtrac/Models/intaketime.cpp",
			"MU",
			null
		],
		[
			"C:/Users/cindy/Documents/GitHub/COMTRAC/src/comtrac/Models/medication.cpp",
			"MU",
			null
		],
		[
			"C:/Users/cindy/Documents/GitHub/COMTRAC/src/comtrac/Models/medicationmodel.cpp",
			"MU",
			null
		],
		[
			"C:/Users/cindy/Documents/GitHub/COMTRAC/src/comtrac/Models/message.cpp",
			"MU",
			null
		],
		[
			"C:/Users/cindy/Documents/GitHub/COMTRAC/src/comtrac/Models/messagemodel.cpp",
			"MU",
			null
		],
		[
			"C:/Users/cindy/Documents/GitHub/COMTRAC/src/comtrac/Models/symptom.cpp",
			"MU",
			null
		],
		[
			"C:/Users/cindy/Documents/GitHub/COMTRAC/src/comtrac/Models/symptommodel.cpp",
			"MU",
			null
		],
		[
			"C:/Users/cindy/Documents/GitHub/COMTRAC/src/comtrac/Models/user.cpp",
			"MU",
			null
		],
		[
			"C:/Users/cindy/Documents/GitHub/COMTRAC/src/comtrac/main.cpp",
			"MU",
			null
		]
	],
	"UIC_OPTIONS" : [],
	"UIC_SEARCH_PATHS" : [],
	"UIC_SKIP" : 
	[
		"C:/Users/cindy/Documents/GitHub/COMTRAC/src/build-comtrac-Desktop_Qt_6_4_3_MinGW_64_bit-Release/.rcc/qmlcache/appcomtrac_Ui/Chat_qml.cpp",
		"C:/Users/cindy/Documents/GitHub/COMTRAC/src/build-comtrac-Desktop_Qt_6_4_3_MinGW_64_bit-Release/.rcc/qmlcache/appcomtrac_Ui/Components/Background_qml.cpp",
		"C:/Users/cindy/Documents/GitHub/COMTRAC/src/build-comtrac-Desktop_Qt_6_4_3_MinGW_64_bit-Release/.rcc/qmlcache/appcomtrac_Ui/Components/ButtonTemplate_qml.cpp",
		"C:/Users/cindy/Documents/GitHub/COMTRAC/src/build-comtrac-Desktop_Qt_6_4_3_MinGW_64_bit-Release/.rcc/qmlcache/appcomtrac_Ui/Components/CalendarTemplate_qml.cpp",
		"C:/Users/cindy/Documents/GitHub/COMTRAC/src/build-comtrac-Desktop_Qt_6_4_3_MinGW_64_bit-Release/.rcc/qmlcache/appcomtrac_Ui/Components/CalendarWeeksTemplate_qml.cpp",
		"C:/Users/cindy/Documents/GitHub/COMTRAC/src/build-comtrac-Desktop_Qt_6_4_3_MinGW_64_bit-Release/.rcc/qmlcache/appcomtrac_Ui/Components/ChatInput_qml.cpp",
		"C:/Users/cindy/Documents/GitHub/COMTRAC/src/build-comtrac-Desktop_Qt_6_4_3_MinGW_64_bit-Release/.rcc/qmlcache/appcomtrac_Ui/Components/CheckBoxTemplate_qml.cpp",
		"C:/Users/cindy/Documents/GitHub/COMTRAC/src/build-comtrac-Desktop_Qt_6_4_3_MinGW_64_bit-Release/.rcc/qmlcache/appcomtrac_Ui/Components/ComboBoxTemplate_qml.cpp",
		"C:/Users/cindy/Documents/GitHub/COMTRAC/src/build-comtrac-Desktop_Qt_6_4_3_MinGW_64_bit-Release/.rcc/qmlcache/appcomtrac_Ui/Components/DialogTemplate_qml.cpp",
		"C:/Users/cindy/Documents/GitHub/COMTRAC/src/build-comtrac-Desktop_Qt_6_4_3_MinGW_64_bit-Release/.rcc/qmlcache/appcomtrac_Ui/Components/EditSymptomDelegate_qml.cpp",
		"C:/Users/cindy/Documents/GitHub/COMTRAC/src/build-comtrac-Desktop_Qt_6_4_3_MinGW_64_bit-Release/.rcc/qmlcache/appcomtrac_Ui/Components/HeaderTemplate_qml.cpp",
		"C:/Users/cindy/Documents/GitHub/COMTRAC/src/build-comtrac-Desktop_Qt_6_4_3_MinGW_64_bit-Release/.rcc/qmlcache/appcomtrac_Ui/Components/IconButton_qml.cpp",
		"C:/Users/cindy/Documents/GitHub/COMTRAC/src/build-comtrac-Desktop_Qt_6_4_3_MinGW_64_bit-Release/.rcc/qmlcache/appcomtrac_Ui/Components/IntakeDelegate_qml.cpp",
		"C:/Users/cindy/Documents/GitHub/COMTRAC/src/build-comtrac-Desktop_Qt_6_4_3_MinGW_64_bit-Release/.rcc/qmlcache/appcomtrac_Ui/Components/IntakeTimeList_qml.cpp",
		"C:/Users/cindy/Documents/GitHub/COMTRAC/src/build-comtrac-Desktop_Qt_6_4_3_MinGW_64_bit-Release/.rcc/qmlcache/appcomtrac_Ui/Components/MedicationDelegate_qml.cpp",
		"C:/Users/cindy/Documents/GitHub/COMTRAC/src/build-comtrac-Desktop_Qt_6_4_3_MinGW_64_bit-Release/.rcc/qmlcache/appcomtrac_Ui/Components/MessageDelegate_qml.cpp",
		"C:/Users/cindy/Documents/GitHub/COMTRAC/src/build-comtrac-Desktop_Qt_6_4_3_MinGW_64_bit-Release/.rcc/qmlcache/appcomtrac_Ui/Components/MonthGridDelegate_qml.cpp",
		"C:/Users/cindy/Documents/GitHub/COMTRAC/src/build-comtrac-Desktop_Qt_6_4_3_MinGW_64_bit-Release/.rcc/qmlcache/appcomtrac_Ui/Components/RadioButtonTemplate_qml.cpp",
		"C:/Users/cindy/Documents/GitHub/COMTRAC/src/build-comtrac-Desktop_Qt_6_4_3_MinGW_64_bit-Release/.rcc/qmlcache/appcomtrac_Ui/Components/RoundButtonTemplate_qml.cpp",
		"C:/Users/cindy/Documents/GitHub/COMTRAC/src/build-comtrac-Desktop_Qt_6_4_3_MinGW_64_bit-Release/.rcc/qmlcache/appcomtrac_Ui/Components/ScrollBarTemplate_qml.cpp",
		"C:/Users/cindy/Documents/GitHub/COMTRAC/src/build-comtrac-Desktop_Qt_6_4_3_MinGW_64_bit-Release/.rcc/qmlcache/appcomtrac_Ui/Components/SearchTemplate_qml.cpp",
		"C:/Users/cindy/Documents/GitHub/COMTRAC/src/build-comtrac-Desktop_Qt_6_4_3_MinGW_64_bit-Release/.rcc/qmlcache/appcomtrac_Ui/Components/SideMenu_qml.cpp",
		"C:/Users/cindy/Documents/GitHub/COMTRAC/src/build-comtrac-Desktop_Qt_6_4_3_MinGW_64_bit-Release/.rcc/qmlcache/appcomtrac_Ui/Components/SliderTemplate_qml.cpp",
		"C:/Users/cindy/Documents/GitHub/COMTRAC/src/build-comtrac-Desktop_Qt_6_4_3_MinGW_64_bit-Release/.rcc/qmlcache/appcomtrac_Ui/Components/StackViewPage_qml.cpp",
		"C:/Users/cindy/Documents/GitHub/COMTRAC/src/build-comtrac-Desktop_Qt_6_4_3_MinGW_64_bit-Release/.rcc/qmlcache/appcomtrac_Ui/Components/SwitchTemplate_qml.cpp",
		"C:/Users/cindy/Documents/GitHub/COMTRAC/src/build-comtrac-Desktop_Qt_6_4_3_MinGW_64_bit-Release/.rcc/qmlcache/appcomtrac_Ui/Components/SymptomDelegate_qml.cpp",
		"C:/Users/cindy/Documents/GitHub/COMTRAC/src/build-comtrac-Desktop_Qt_6_4_3_MinGW_64_bit-Release/.rcc/qmlcache/appcomtrac_Ui/Components/SymptomList_qml.cpp",
		"C:/Users/cindy/Documents/GitHub/COMTRAC/src/build-comtrac-Desktop_Qt_6_4_3_MinGW_64_bit-Release/.rcc/qmlcache/appcomtrac_Ui/Components/TextFieldTemplate_qml.cpp",
		"C:/Users/cindy/Documents/GitHub/COMTRAC/src/build-comtrac-Desktop_Qt_6_4_3_MinGW_64_bit-Release/.rcc/qmlcache/appcomtrac_Ui/Components/TextTemplate_qml.cpp",
		"C:/Users/cindy/Documents/GitHub/COMTRAC/src/build-comtrac-Desktop_Qt_6_4_3_MinGW_64_bit-Release/.rcc/qmlcache/appcomtrac_Ui/Components/TimePickerTemplate_qml.cpp",
		"C:/Users/cindy/Documents/GitHub/COMTRAC/src/build-comtrac-Desktop_Qt_6_4_3_MinGW_64_bit-Release/.rcc/qmlcache/appcomtrac_Ui/EditSymptom_qml.cpp",
		"C:/Users/cindy/Documents/GitHub/COMTRAC/src/build-comtrac-Desktop_Qt_6_4_3_MinGW_64_bit-Release/.rcc/qmlcache/appcomtrac_Ui/HomeScreen_qml.cpp",
		"C:/Users/cindy/Documents/GitHub/COMTRAC/src/build-comtrac-Desktop_Qt_6_4_3_MinGW_64_bit-Release/.rcc/qmlcache/appcomtrac_Ui/Login_qml.cpp",
		"C:/Users/cindy/Documents/GitHub/COMTRAC/src/build-comtrac-Desktop_Qt_6_4_3_MinGW_64_bit-Release/.rcc/qmlcache/appcomtrac_Ui/Main_qml.cpp",
		"C:/Users/cindy/Documents/GitHub/COMTRAC/src/build-comtrac-Desktop_Qt_6_4_3_MinGW_64_bit-Release/.rcc/qmlcache/appcomtrac_Ui/MedicationPlan_qml.cpp",
		"C:/Users/cindy/Documents/GitHub/COMTRAC/src/build-comtrac-Desktop_Qt_6_4_3_MinGW_64_bit-Release/.rcc/qmlcache/appcomtrac_Ui/Medication_qml.cpp",
		"C:/Users/cindy/Documents/GitHub/COMTRAC/src/build-comtrac-Desktop_Qt_6_4_3_MinGW_64_bit-Release/.rcc/qmlcache/appcomtrac_Ui/SymptomDiary_qml.cpp",
		"C:/Users/cindy/Documents/GitHub/COMTRAC/src/build-comtrac-Desktop_Qt_6_4_3_MinGW_64_bit-Release/.rcc/qmlcache/appcomtrac_Ui/SymptomHistory_qml.cpp",
		"C:/Users/cindy/Documents/GitHub/COMTRAC/src/build-comtrac-Desktop_Qt_6_4_3_MinGW_64_bit-Release/.rcc/qmlcache/appcomtrac_Ui/VideoTelephony_qml.cpp",
		"C:/Users/cindy/Documents/GitHub/COMTRAC/src/build-comtrac-Desktop_Qt_6_4_3_MinGW_64_bit-Release/.rcc/qmlcache/appcomtrac_Ui/VirtualAppointment_qml.cpp",
		"C:/Users/cindy/Documents/GitHub/COMTRAC/src/build-comtrac-Desktop_Qt_6_4_3_MinGW_64_bit-Release/.rcc/qmlcache/appcomtrac_Ui/WaitingRoom_qml.cpp",
		"C:/Users/cindy/Documents/GitHub/COMTRAC/src/build-comtrac-Desktop_Qt_6_4_3_MinGW_64_bit-Release/.rcc/qmlcache/appcomtrac_Ui/WeeklyHistory_qml.cpp",
		"C:/Users/cindy/Documents/GitHub/COMTRAC/src/build-comtrac-Desktop_Qt_6_4_3_MinGW_64_bit-Release/.rcc/qmlcache/appcomtrac_Ui/editMedication_qml.cpp",
		"C:/Users/cindy/Documents/GitHub/COMTRAC/src/build-comtrac-Desktop_Qt_6_4_3_MinGW_64_bit-Release/.rcc/qmlcache/appcomtrac_Ui/findMedication_qml.cpp",
		"C:/Users/cindy/Documents/GitHub/COMTRAC/src/build-comtrac-Desktop_Qt_6_4_3_MinGW_64_bit-Release/.rcc/qmlcache/appcomtrac_Ui/findSymptom_qml.cpp",
		"C:/Users/cindy/Documents/GitHub/COMTRAC/src/build-comtrac-Desktop_Qt_6_4_3_MinGW_64_bit-Release/.rcc/qmlcache/appcomtrac_Ui/singleSymptomHistory_qml.cpp",
		"C:/Users/cindy/Documents/GitHub/COMTRAC/src/build-comtrac-Desktop_Qt_6_4_3_MinGW_64_bit-Release/.rcc/qrc_appcomtrac_raw_qml_0.cpp",
		"C:/Users/cindy/Documents/GitHub/COMTRAC/src/build-comtrac-Desktop_Qt_6_4_3_MinGW_64_bit-Release/.rcc/qrc_qmake_comtrac.cpp",
		"C:/Users/cindy/Documents/GitHub/COMTRAC/src/build-comtrac-Desktop_Qt_6_4_3_MinGW_64_bit-Release/appcomtrac_qmltyperegistrations.cpp"
	],
	"UIC_UI_FILES" : [],
	"VERBOSITY" : 0
}
