{
    "classes": [
        {
            "className": "MessageModel",
            "object": true,
            "properties": [
                {
                    "constant": false,
                    "designable": true,
                    "final": false,
                    "index": 0,
                    "name": "messages",
                    "notify": "messagesChanged",
                    "read": "messages",
                    "required": false,
                    "scriptable": true,
                    "stored": true,
                    "type": "QList<Message*>",
                    "user": false,
                    "write": "setMessages"
                }
            ],
            "qualifiedClassName": "MessageModel",
            "signals": [
                {
                    "access": "public",
                    "name": "messagesChanged",
                    "returnType": "void"
                }
            ],
            "slots": [
                {
                    "access": "public",
                    "name": "getMessages",
                    "returnType": "QList<Message*>"
                },
                {
                    "access": "public",
                    "arguments": [
                        {
                            "name": "newMessages",
                            "type": "QList<Message*>"
                        }
                    ],
                    "name": "setMessages",
                    "returnType": "void"
                },
                {
                    "access": "public",
                    "arguments": [
                        {
                            "name": "medications",
                            "type": "QList<QString>"
                        }
                    ],
                    "name": "setMessageText",
                    "returnType": "QString"
                }
            ],
            "superClasses": [
                {
                    "access": "public",
                    "name": "QObject"
                }
            ]
        }
    ],
    "inputFile": "messagemodel.h",
    "outputRevision": 68
}
