{
    "classes": [
        {
            "className": "SymptomModel",
            "object": true,
            "properties": [
                {
                    "constant": false,
                    "designable": true,
                    "final": false,
                    "index": 0,
                    "name": "symptoms",
                    "notify": "symptomsChanged",
                    "read": "symptoms",
                    "required": false,
                    "scriptable": true,
                    "stored": true,
                    "type": "QList<Symptom*>",
                    "user": false,
                    "write": "setSymptoms"
                },
                {
                    "constant": false,
                    "designable": true,
                    "final": false,
                    "index": 1,
                    "name": "singleSymptom",
                    "notify": "singleSymptomChanged",
                    "read": "singleSymptom",
                    "required": false,
                    "scriptable": true,
                    "stored": true,
                    "type": "Symptom*",
                    "user": false,
                    "write": "setSingleSymptom"
                },
                {
                    "constant": false,
                    "designable": true,
                    "final": false,
                    "index": 2,
                    "name": "daySymptoms",
                    "notify": "daySymptomsChanged",
                    "read": "daySymptoms",
                    "required": false,
                    "scriptable": true,
                    "stored": true,
                    "type": "QList<Symptom*>",
                    "user": false,
                    "write": "setDaySymptoms"
                },
                {
                    "constant": false,
                    "designable": true,
                    "final": false,
                    "index": 3,
                    "name": "symptomsOfMonth",
                    "notify": "symptomsOfMonthChanged",
                    "read": "symptomsOfMonth",
                    "required": false,
                    "scriptable": true,
                    "stored": true,
                    "type": "QList<QDate>",
                    "user": false,
                    "write": "setSymptomsOfMonth"
                },
                {
                    "constant": false,
                    "designable": true,
                    "final": false,
                    "index": 4,
                    "name": "weekSymptoms",
                    "notify": "weekSymptomsChanged",
                    "read": "weekSymptoms",
                    "required": false,
                    "scriptable": true,
                    "stored": true,
                    "type": "QList<Symptom*>",
                    "user": false,
                    "write": "setWeekSymptoms"
                },
                {
                    "constant": false,
                    "designable": true,
                    "final": false,
                    "index": 5,
                    "name": "symptomEntries",
                    "notify": "symptomEntriesChanged",
                    "read": "symptomEntries",
                    "required": false,
                    "scriptable": true,
                    "stored": true,
                    "type": "QList<Symptom*>",
                    "user": false,
                    "write": "setSymptomEntries"
                }
            ],
            "qualifiedClassName": "SymptomModel",
            "signals": [
                {
                    "access": "public",
                    "name": "symptomsChanged",
                    "returnType": "void"
                },
                {
                    "access": "public",
                    "name": "singleSymptomChanged",
                    "returnType": "void"
                },
                {
                    "access": "public",
                    "name": "daySymptomsChanged",
                    "returnType": "void"
                },
                {
                    "access": "public",
                    "name": "symptomsOfMonthChanged",
                    "returnType": "void"
                },
                {
                    "access": "public",
                    "name": "weekSymptomsChanged",
                    "returnType": "void"
                },
                {
                    "access": "public",
                    "name": "symptomEntriesChanged",
                    "returnType": "void"
                }
            ],
            "slots": [
                {
                    "access": "public",
                    "name": "deleteSymptom",
                    "returnType": "void"
                },
                {
                    "access": "public",
                    "arguments": [
                        {
                            "name": "name",
                            "type": "QString"
                        },
                        {
                            "name": "intensity",
                            "type": "QString"
                        },
                        {
                            "name": "frequency",
                            "type": "int"
                        },
                        {
                            "name": "duration",
                            "type": "QString"
                        }
                    ],
                    "name": "updateSymptom",
                    "returnType": "void"
                },
                {
                    "access": "public",
                    "arguments": [
                        {
                            "name": "month",
                            "type": "QString"
                        }
                    ],
                    "name": "getEntryDates",
                    "returnType": "void"
                },
                {
                    "access": "public",
                    "arguments": [
                        {
                            "name": "date",
                            "type": "QString"
                        }
                    ],
                    "name": "findDate",
                    "returnType": "bool"
                },
                {
                    "access": "public",
                    "name": "getSymptoms",
                    "returnType": "void"
                },
                {
                    "access": "public",
                    "arguments": [
                        {
                            "name": "name",
                            "type": "QString"
                        },
                        {
                            "name": "intensity",
                            "type": "QString"
                        },
                        {
                            "name": "frequency",
                            "type": "int"
                        },
                        {
                            "name": "duration",
                            "type": "QString"
                        },
                        {
                            "name": "entryDate",
                            "type": "QString"
                        },
                        {
                            "name": "entryTime",
                            "type": "QString"
                        }
                    ],
                    "name": "addSymptoms",
                    "returnType": "void"
                },
                {
                    "access": "public",
                    "arguments": [
                        {
                            "name": "newSingleSymptom",
                            "type": "Symptom*"
                        }
                    ],
                    "name": "setSingleSymptom",
                    "returnType": "void"
                },
                {
                    "access": "public",
                    "arguments": [
                        {
                            "name": "entryDate",
                            "type": "QString"
                        }
                    ],
                    "name": "getSymptomsOfDate",
                    "returnType": "void"
                },
                {
                    "access": "public",
                    "arguments": [
                        {
                            "name": "name",
                            "type": "QString"
                        }
                    ],
                    "name": "getSymptomEntries",
                    "returnType": "void"
                },
                {
                    "access": "public",
                    "arguments": [
                        {
                            "name": "year",
                            "type": "int"
                        },
                        {
                            "name": "weekNumber",
                            "type": "int"
                        }
                    ],
                    "name": "getCalendarWeekDate",
                    "returnType": "void"
                }
            ],
            "superClasses": [
                {
                    "access": "public",
                    "name": "QSqlQueryModel"
                }
            ]
        }
    ],
    "inputFile": "symptommodel.h",
    "outputRevision": 68
}
