{
    "classes": [
        {
            "className": "Message",
            "object": true,
            "properties": [
                {
                    "constant": false,
                    "designable": true,
                    "final": false,
                    "index": 0,
                    "name": "type",
                    "notify": "typeChanged",
                    "read": "type",
                    "required": false,
                    "reset": "resetType()",
                    "scriptable": true,
                    "stored": true,
                    "type": "int",
                    "user": false,
                    "write": "setType"
                },
                {
                    "constant": false,
                    "designable": true,
                    "final": false,
                    "index": 1,
                    "name": "text",
                    "notify": "textChanged",
                    "read": "text",
                    "required": false,
                    "scriptable": true,
                    "stored": true,
                    "type": "QString",
                    "user": false,
                    "write": "setText"
                }
            ],
            "qualifiedClassName": "Message",
            "signals": [
                {
                    "access": "public",
                    "name": "typeChanged",
                    "returnType": "void"
                },
                {
                    "access": "public",
                    "name": "textChanged",
                    "returnType": "void"
                }
            ],
            "superClasses": [
                {
                    "access": "public",
                    "name": "QObject"
                }
            ]
        }
    ],
    "inputFile": "message.h",
    "outputRevision": 68
}
