{
    "classes": [
        {
            "className": "MedicationModel",
            "object": true,
            "properties": [
                {
                    "constant": false,
                    "designable": true,
                    "final": false,
                    "index": 0,
                    "name": "medications",
                    "notify": "medicationsChanged",
                    "read": "medications",
                    "required": false,
                    "scriptable": true,
                    "stored": true,
                    "type": "QList<Medication*>",
                    "user": false,
                    "write": "setMedications"
                },
                {
                    "constant": false,
                    "designable": true,
                    "final": false,
                    "index": 1,
                    "name": "singleMedication",
                    "notify": "singleMedicationChanged",
                    "read": "singleMedication",
                    "required": false,
                    "scriptable": true,
                    "stored": true,
                    "type": "Medication*",
                    "user": false,
                    "write": "setSingleMedication"
                },
                {
                    "constant": false,
                    "designable": true,
                    "final": false,
                    "index": 2,
                    "name": "orderMedication",
                    "notify": "orderMedicationChanged",
                    "read": "orderMedication",
                    "required": false,
                    "scriptable": true,
                    "stored": true,
                    "type": "QList<QString>",
                    "user": false,
                    "write": "setOrderMedication"
                }
            ],
            "qualifiedClassName": "MedicationModel",
            "signals": [
                {
                    "access": "public",
                    "name": "medicationChanged",
                    "returnType": "void"
                },
                {
                    "access": "public",
                    "name": "medicationsChanged",
                    "returnType": "void"
                },
                {
                    "access": "public",
                    "name": "singleMedicationChanged",
                    "returnType": "void"
                },
                {
                    "access": "public",
                    "name": "orderMedicationChanged",
                    "returnType": "void"
                }
            ],
            "slots": [
                {
                    "access": "public",
                    "arguments": [
                        {
                            "name": "name",
                            "type": "QString"
                        },
                        {
                            "name": "intakePerDay",
                            "type": "int"
                        },
                        {
                            "name": "intakeTimes",
                            "type": "QList<QTime>"
                        },
                        {
                            "name": "reminderTime",
                            "type": "QString"
                        }
                    ],
                    "name": "addMedication",
                    "returnType": "void"
                },
                {
                    "access": "public",
                    "arguments": [
                        {
                            "name": "newSingleMedication",
                            "type": "Medication*"
                        }
                    ],
                    "name": "setSingleMedication",
                    "returnType": "void"
                },
                {
                    "access": "public",
                    "arguments": [
                        {
                            "name": "time",
                            "type": "QString"
                        },
                        {
                            "name": "index",
                            "type": "int"
                        }
                    ],
                    "name": "setIntakeTime",
                    "returnType": "void"
                },
                {
                    "access": "public",
                    "arguments": [
                        {
                            "name": "size",
                            "type": "int"
                        }
                    ],
                    "name": "initializeIntakeTimeList",
                    "returnType": "void"
                },
                {
                    "access": "public",
                    "name": "deleteMedication",
                    "returnType": "void"
                },
                {
                    "access": "public",
                    "arguments": [
                        {
                            "name": "name",
                            "type": "QString"
                        },
                        {
                            "name": "intakePerDay",
                            "type": "int"
                        },
                        {
                            "name": "intakeTimes",
                            "type": "QList<QTime>"
                        },
                        {
                            "name": "reminderTime",
                            "type": "QString"
                        }
                    ],
                    "name": "updateMedication",
                    "returnType": "void"
                },
                {
                    "access": "public",
                    "arguments": [
                        {
                            "name": "name",
                            "type": "QString"
                        }
                    ],
                    "name": "addOrderedMedication",
                    "returnType": "void"
                },
                {
                    "access": "public",
                    "arguments": [
                        {
                            "name": "name",
                            "type": "QString"
                        }
                    ],
                    "name": "deleteOrderedMedication",
                    "returnType": "void"
                },
                {
                    "access": "public",
                    "name": "getOrderedMedication",
                    "returnType": "QList<QString>"
                },
                {
                    "access": "public",
                    "name": "deleteOrderedMedicationList",
                    "returnType": "void"
                }
            ],
            "superClasses": [
                {
                    "access": "public",
                    "name": "QSqlQueryModel"
                }
            ]
        }
    ],
    "inputFile": "medicationmodel.h",
    "outputRevision": 68
}
