{
    "classes": [
        {
            "className": "Symptom",
            "object": true,
            "properties": [
                {
                    "constant": false,
                    "designable": true,
                    "final": false,
                    "index": 0,
                    "name": "id",
                    "notify": "idChanged",
                    "read": "id",
                    "required": false,
                    "scriptable": true,
                    "stored": true,
                    "type": "int",
                    "user": false,
                    "write": "setId"
                },
                {
                    "constant": false,
                    "designable": true,
                    "final": false,
                    "index": 1,
                    "name": "name",
                    "notify": "nameChanged",
                    "read": "name",
                    "required": false,
                    "scriptable": true,
                    "stored": true,
                    "type": "QString",
                    "user": false,
                    "write": "setName"
                },
                {
                    "constant": false,
                    "designable": true,
                    "final": false,
                    "index": 2,
                    "name": "intensity",
                    "notify": "intensityChanged",
                    "read": "intensity",
                    "required": false,
                    "scriptable": true,
                    "stored": true,
                    "type": "QString",
                    "user": false,
                    "write": "setIntensity"
                },
                {
                    "constant": false,
                    "designable": true,
                    "final": false,
                    "index": 3,
                    "name": "frequency",
                    "notify": "frequencyChanged",
                    "read": "frequency",
                    "required": false,
                    "scriptable": true,
                    "stored": true,
                    "type": "int",
                    "user": false,
                    "write": "setFrequency"
                },
                {
                    "constant": false,
                    "designable": true,
                    "final": false,
                    "index": 4,
                    "name": "duration",
                    "notify": "durationChanged",
                    "read": "duration",
                    "required": false,
                    "scriptable": true,
                    "stored": true,
                    "type": "QString",
                    "user": false,
                    "write": "setDuration"
                },
                {
                    "constant": false,
                    "designable": true,
                    "final": false,
                    "index": 5,
                    "name": "entryDate",
                    "notify": "entryDateChanged",
                    "read": "entryDate",
                    "required": false,
                    "scriptable": true,
                    "stored": true,
                    "type": "QDate",
                    "user": false,
                    "write": "setEntryDate"
                },
                {
                    "constant": false,
                    "designable": true,
                    "final": false,
                    "index": 6,
                    "name": "entryTime",
                    "notify": "entryTimeChanged",
                    "read": "entryTime",
                    "required": false,
                    "scriptable": true,
                    "stored": true,
                    "type": "QTime",
                    "user": false,
                    "write": "setEntryTime"
                }
            ],
            "qualifiedClassName": "Symptom",
            "signals": [
                {
                    "access": "public",
                    "name": "idChanged",
                    "returnType": "void"
                },
                {
                    "access": "public",
                    "name": "nameChanged",
                    "returnType": "void"
                },
                {
                    "access": "public",
                    "name": "intensityChanged",
                    "returnType": "void"
                },
                {
                    "access": "public",
                    "name": "frequencyChanged",
                    "returnType": "void"
                },
                {
                    "access": "public",
                    "name": "durationChanged",
                    "returnType": "void"
                },
                {
                    "access": "public",
                    "name": "entryDateChanged",
                    "returnType": "void"
                },
                {
                    "access": "public",
                    "name": "entryTimeChanged",
                    "returnType": "void"
                }
            ],
            "superClasses": [
                {
                    "access": "public",
                    "name": "QObject"
                }
            ]
        }
    ],
    "inputFile": "symptom.h",
    "outputRevision": 68
}
